time,x,y,yaw,v,a,phi
0.000000000000000000e+00,-4.000000000000000000e+00,2.000000000000000000e+00,1.474301469678638843e-01,0.000000000000000000e+00,6.965557186911026655e-01,0.000000000000000000e+00
5.000000000000000278e-02,-4.000000000000000000e+00,2.000000000000000000e+00,1.474301469678638843e-01,3.482778593455513466e-02,6.449910282323783051e-01,-1.371475936831683118e-01
1.000000000000000056e-01,-3.998277501561562808e+00,2.000255804246133362e+00,1.471631068467567360e-01,6.707733734617404853e-02,5.859778588210462491e-01,-8.250147754027906122e-02
1.500000000000000222e-01,-3.994959886511802338e+00,2.000747590119489328e+00,1.468549641031697550e-01,9.637623028722636098e-02,5.340760548225067517e-01,-3.874299257397094409e-02
2.000000000000000111e-01,-3.990192943839531381e+00,2.001452715619114198e+00,1.466474211633163882e-01,1.230800330283517013e-01,4.871930407560759457e-01,1.022175195753415727e-02
2.500000000000000000e-01,-3.984104996021229805e+00,2.002351952899973586e+00,1.467173176848355354e-01,1.474396850661555125e-01,4.445925840225168346e-01,7.332994637721051978e-02
2.999999999999999889e-01,-3.976812214100043708e+00,2.003429674422927853e+00,1.473190490868434011e-01,1.696693142672813515e-01,4.056727930808308180e-01,1.315996035060266189e-01
3.499999999999999778e-01,-3.968420639926869775e+00,2.004674934799694608e+00,1.485667275089779804e-01,1.899529539213228868e-01,3.700841357105153495e-01,1.723671073489147221e-01
3.999999999999999667e-01,-3.959027615964060498e+00,2.006080784220039881e+00,1.504039384859246764e-01,2.084571607068486654e-01,3.376275084519904102e-01,2.083110685885572466e-01
4.499999999999999556e-01,-3.948722425393497826e+00,2.007642519450253182e+00,1.528518905196394884e-01,2.253385361294481803e-01,3.083297506380509589e-01,6.030950124344549579e-01
4.999999999999999445e-01,-3.937586861079846567e+00,2.009357992294382722e+00,1.614734690501647973e-01,2.407550236613507366e-01,2.827198658818254051e-01,6.484136991455947685e-01
5.499999999999999334e-01,-3.925705703448614248e+00,2.011293333837172792e+00,1.716079764779507577e-01,2.548910169554420291e-01,2.580304969812734495e-01,6.621497706373107306e-01
5.999999999999999778e-01,-3.913148351552410364e+00,2.013469681618744733e+00,1.826469571648024759e-01,2.677925418045056793e-01,2.350059247498501869e-01,6.371311610884686782e-01
6.500000000000000222e-01,-3.899981442656909270e+00,2.015901681567935366e+00,1.936576067729971762e-01,2.795428380419981984e-01,2.140543730727541283e-01,6.248328737052388782e-01
7.000000000000000666e-01,-3.886265576916107189e+00,2.018591574266859645e+00,2.048584278155315408e-01,2.902455566956358979e-01,1.946792388353650594e-01,5.875130433125301810e-01
7.500000000000001110e-01,-3.872056753798124529e+00,2.021543785904899693e+00,2.155968644688027458e-01,2.999795186374041300e-01,1.772478847415423497e-01,5.592288065100705641e-01
8.000000000000001554e-01,-3.857405020947544561e+00,2.024752524516887142e+00,2.260274144940859764e-01,3.088419128744812614e-01,1.613620388846090381e-01,5.419469161105665567e-01
8.500000000000001998e-01,-3.842355704736393207e+00,2.028213218009050411e+00,2.363578194693702339e-01,3.169100148187117272e-01,1.492431349936525486e-01,7.905662935252479873e-01
9.000000000000002442e-01,-3.826950751917713056e+00,2.031923652267358271e+00,2.539639314037431261e-01,3.243721715683943740e-01,1.359381054731490790e-01,7.857416477051246684e-01
9.500000000000002887e-01,-3.811252369484660729e+00,2.035998459404588345e+00,2.719846076019872827e-01,3.311690768420518238e-01,1.232680219822045314e-01,7.341053800678887242e-01
1.000000000000000222e+00,-3.795302610342155436e+00,2.040446782339932152e+00,2.885860788376986008e-01,3.373324779411620566e-01,1.119233968783042710e-01,7.220925779883748952e-01
1.050000000000000266e+00,-3.779133468039619803e+00,2.045246973886647890e+00,3.050924504332175324e-01,3.429286477850772563e-01,1.011918257518883979e-01,6.674277352792311602e-01
1.100000000000000311e+00,-3.762778871850885665e+00,2.050397442523839153e+00,3.201065504103768888e-01,3.479882390726716790e-01,9.153272820895405615e-02,6.144908308341383574e-01
1.150000000000000355e+00,-3.746263317043945218e+00,2.055872475469054717e+00,3.337481630408486999e-01,3.525648754831193776e-01,7.935121934685163136e-02,7.857777930923882659e-01
1.200000000000000400e+00,-3.729607779754381625e+00,2.061647253054124995e+00,3.533351005676886869e-01,3.565324364504619536e-01,7.712450477995991260e-02,7.882158606024189940e-01
1.250000000000000444e+00,-3.712882417246350819e+00,2.067815777559889767e+00,3.731424581482699065e-01,3.603886616894599326e-01,6.952656324516265363e-02,7.343706549775388392e-01
1.300000000000000488e+00,-3.696102966533521883e+00,2.074384643707220199e+00,3.912183421291985375e-01,3.638649898517180570e-01,6.271141561459020464e-02,6.739705821584297540e-01
1.350000000000000533e+00,-3.679284304841433428e+00,2.081322002425533224e+00,4.073645960931951970e-01,3.670005606324475700e-01,5.665603194591074809e-02,6.177116451875854786e-01
1.400000000000000577e+00,-3.662435893857297842e+00,2.088592117697727346e+00,4.218501078872437526e-01,3.698333622297431122e-01,4.860810239569114677e-02,7.861607022979402171e-01
1.450000000000000622e+00,-3.645565335235618765e+00,2.096163513958515967e+00,4.423964057888961632e-01,3.722637673495276522e-01,4.725892909563665645e-02,7.212457559880121050e-01
1.500000000000000666e+00,-3.628744069363411651e+00,2.104131938875629881e+00,4.605809606219137819e-01,3.746267138043095080e-01,4.263163584869984757e-02,6.588912701184808096e-01
1.550000000000000711e+00,-3.611964643186480028e+00,2.112457429486545468e+00,4.766967749446312519e-01,3.767582955967445080e-01,3.859234790847779206e-02,6.164187641892306946e-01
1.600000000000000755e+00,-3.595226865020431983e+00,2.121101144851859743e+00,4.915267412723330342e-01,3.786879129921684184e-01,3.499697056402625850e-02,5.597398833591118450e-01
1.650000000000000799e+00,-3.578534049863494104e+00,2.130037657636622228e+00,5.047090197256891564e-01,3.804377615203697327e-01,3.180436683729703784e-02,5.041290873456611976e-01
1.700000000000000844e+00,-3.561883901797394003e+00,2.139235744141624984e+00,5.163689307178528365e-01,3.820279798622345790e-01,2.898271194328309874e-02,5.820643515680989921e-01
1.750000000000000888e+00,-3.545272987883701266e+00,2.148666596830854036e+00,5.303367844685651367e-01,3.834771154593987208e-01,2.622030859693131113e-02,5.406525531055749179e-01
1.800000000000000933e+00,-3.528732914951620003e+00,2.158365191193136301e+00,5.431261083607435980e-01,3.847881308892452945e-01,2.379310266384886130e-02,4.936825189809431191e-01
1.850000000000000977e+00,-3.512262111952654919e+00,2.168308400572023231e+00,5.546297275641315361e-01,3.859777860224377632e-01,2.160600664742825042e-02,4.459727418050939418e-01
1.900000000000001021e+00,-3.495856213107308985e+00,2.178471747035331418e+00,5.648816770060857140e-01,3.870580863548091499e-01,1.963183267689033729e-02,4.022203755612626108e-01
1.950000000000001066e+00,-3.479509744804644367e+00,2.188831664002257149e+00,5.740294284440180528e-01,3.880396779886536862e-01,1.789095416117707227e-02,4.417413700138285160e-01
2.000000000000000888e+00,-3.463217515974657434e+00,2.199367330045995494e+00,5.842242998813046428e-01,3.889342256967125433e-01,1.616303415728544829e-02,4.128299966010696709e-01
2.050000000000000711e+00,-3.446996232798107407e+00,2.210093212382751027e+00,5.936883650082082076e-01,3.897423774045767897e-01,1.465329761029517987e-02,3.754717247446577311e-01
2.100000000000000533e+00,-3.430843691848640464e+00,2.220994736255045954e+00,6.022231058039797524e-01,3.904750422850915559e-01,1.330082002973876840e-02,3.394947445823329746e-01
2.150000000000000355e+00,-3.414754591074599333e+00,2.232054471012336005e+00,6.098844105605913946e-01,3.911400832865785104e-01,1.207764688995074422e-02,3.066342082583773943e-01
2.200000000000000178e+00,-3.398723436468874759e+00,2.243256189357792252e+00,6.167645718688501422e-01,3.917439656310760521e-01,1.100758354536187505e-02,3.416633228973123826e-01
2.250000000000000000e+00,-3.382745099338447137e+00,2.254585402881568168e+00,6.245038968989780059e-01,3.922943448083441309e-01,9.902130141971703797e-03,3.192801398694815607e-01
2.299999999999999822e+00,-3.366832595478704171e+00,2.266054027617567801e+00,6.317088332705774745e-01,3.927894513154427392e-01,8.957563150146743980e-03,2.905195466137869831e-01
2.349999999999999645e+00,-3.350983156599371515e+00,2.277651620896865570e+00,6.382330373984895777e-01,3.932373294729500923e-01,8.111982838930812192e-03,2.629883534077928631e-01
2.399999999999999467e+00,-3.335191733904586009e+00,2.289365713371409150e+00,6.441146428833891546e-01,3.936429286148966367e-01,7.345010251967498856e-03,2.376520213231157752e-01
2.449999999999999289e+00,-3.319453265123750274e+00,2.301184659540841171e+00,6.494119731222841585e-01,3.940101791274950305e-01,6.681010987233475772e-03,2.674770994996257256e-01
2.499999999999999112e+00,-3.303763001093447116e+00,2.313097915510540226e+00,6.554106442031886193e-01,3.943442296768567279e-01,5.967862914306776984e-03,2.500364272232162843e-01
2.549999999999998934e+00,-3.288131240911843722e+00,2.325115257243361988e+00,6.610055283597283671e-01,3.946426228225720645e-01,5.371043342564683909e-03,2.274656010398687922e-01
2.599999999999998757e+00,-3.272555183462733552e+00,2.337229027660235214e+00,6.660804483113886842e-01,3.949111749897002976e-01,4.839204763309152592e-03,2.056346528338955371e-01
2.649999999999998579e+00,-3.257030245291664627e+00,2.349429986028898742e+00,6.706566569389568189e-01,3.951531352278657705e-01,4.357756574432209221e-03,1.854676499823895430e-01
2.699999999999998401e+00,-3.241551825867032388e+00,2.361709380672618153e+00,6.747755556425064638e-01,3.953710230565873895e-01,3.946773822820512020e-03,2.096937033853856769e-01
2.749999999999998224e+00,-3.226115608325204498e+00,2.374059230982779933e+00,6.794502085410458747e-01,3.955683617477284142e-01,3.488907872100046118e-03,1.957021621890191465e-01
2.799999999999998046e+00,-3.210729614826382861e+00,2.386487305093182965e+00,6.838067229202037245e-01,3.957428071413334192e-01,3.111272203864604881e-03,1.777389077829656938e-01
2.849999999999997868e+00,-3.195391148974813245e+00,2.398987800636580126e+00,6.877561157030280814e-01,3.958983707515266737e-01,2.774715398509069141e-03,1.605253181988313960e-01
2.899999999999997691e+00,-3.180096161998739124e+00,2.411553713787283115e+00,6.913174086256851369e-01,3.960371065214521313e-01,2.469465599571830667e-03,1.446703157533918149e-01
2.949999999999997513e+00,-3.164840678668429774e+00,2.424178439634340876e+00,6.945228478181411091e-01,3.961605798014307123e-01,2.190988781923880295e-03,1.302631026753038324e-01
2.999999999999997335e+00,-3.149620997842224934e+00,2.436855952324926911e+00,6.974061249181524591e-01,3.962701292405269027e-01,1.958528140944513617e-03,1.494541613244200207e-01
3.049999999999997158e+00,-3.134433734469649568e+00,2.449580812621715786e+00,7.007210777167647286e-01,3.963680556475741024e-01,1.692633362655883000e-03,1.392001309788374885e-01
3.099999999999996980e+00,-3.119284994139843281e+00,2.462359104967123180e+00,7.038062796735466975e-01,3.964526873157068754e-01,1.473949006875547880e-03,1.261402005112082780e-01
3.149999999999996803e+00,-3.104172523362471292e+00,2.475186811706937995e+00,7.065993660850983238e-01,3.965263847660506769e-01,1.276789138599821252e-03,1.136657909772250535e-01
3.199999999999996625e+00,-3.089093137761833585e+00,2.488059071199598016e+00,7.091141772027824697e-01,3.965902242229806807e-01,1.096875727924178810e-03,1.022317663314005198e-01
3.249999999999996447e+00,-3.074043748598781711e+00,2.500971290245606493e+00,7.113745082493472260e-01,3.966450680093768777e-01,9.507533993558763127e-04,1.139521908755538604e-01
3.299999999999996270e+00,-3.059021506631835141e+00,2.513919283187638687e+00,7.138964655849343588e-01,3.966926056793446675e-01,7.959050192340002064e-04,1.049497531561629643e-01
3.349999999999996092e+00,-3.044030170201539764e+00,2.526906676711181632e+00,7.162179278966197549e-01,3.967324009303063725e-01,6.589713926635538564e-04,9.462921165695842296e-02
3.399999999999995914e+00,-3.029067523017974661e+00,2.539930143382155503e+00,7.183098688723378311e-01,3.967653494999395236e-01,5.313777377818674780e-04,8.508838571042018351e-02
3.449999999999995737e+00,-3.014130912497625214e+00,2.552985966702532750e+00,7.201899707915860871e-01,3.967919183868285904e-01,4.135934061278691504e-04,7.652882898118959498e-02
3.499999999999995559e+00,-2.999217876074484312e+00,2.566070725427278987e+00,7.218802730826610059e-01,3.968125980571349798e-01,3.229819364482716454e-04,8.099759859322637479e-02
3.549999999999995381e+00,-2.984326202071237333e+00,2.579181356240598078e+00,7.236697919930719092e-01,3.968287471539573841e-01,2.528391425466024883e-04,7.348179018649798888e-02
3.599999999999995204e+00,-2.969457408530404408e+00,2.592319149626838293e+00,7.252926966392976293e-01,3.968413891110847413e-01,1.716404559092707068e-04,6.625658060269487559e-02
3.649999999999995026e+00,-2.954609482944823284e+00,2.605481475640278433e+00,7.267555797799872819e-01,3.968499711338802083e-01,8.878823754048263597e-05,5.987561201086477602e-02
3.699999999999994849e+00,-2.939780507502764095e+00,2.618665793457716440e+00,7.280772504208722351e-01,3.968544105457572080e-01,1.013835141022853957e-05,5.415749549576354127e-02
3.749999999999994671e+00,-2.924968804642020359e+00,2.631869846482794983e+00,7.292724547829840809e-01,3.968549174633277388e-01,-4.433225367307979715e-05,5.091479740017265665e-02
3.799999999999994493e+00,-2.910172874999257697e+00,2.645091609973096780e+00,7.303959695483468462e-01,3.968527008506440579e-01,-4.941342214797351552e-05,4.454072185813069684e-02
3.849999999999994316e+00,-2.895391892097096687e+00,2.658329914618222212e+00,7.313786253326425291e-01,3.968502301795366338e-01,-9.324458582435956656e-05,3.972736458717630870e-02
3.899999999999994138e+00,-2.880624016966208956e+00,2.671582654980214855e+00,7.322549649561518326e-01,3.968455679502453926e-01,-1.484415528525794145e-04,3.592043352940811618e-02
3.949999999999993960e+00,-2.865867934763694169e+00,2.684848176079553728e+00,7.330472426740158864e-01,3.968381458726027433e-01,-2.043562336236236677e-04,3.260811376136687340e-02
3.999999999999993783e+00,-2.851122642949793562e+00,2.698125135609955816e+00,7.337663944366842328e-01,3.968279280609215420e-01,-2.311198622306709295e-04,2.234635513344216881e-02
4.049999999999993605e+00,-2.836387282513586072e+00,2.711412353679885534e+00,7.342591241118059386e-01,3.968163720678100082e-01,-1.851344989355165386e-04,1.691502410777823151e-02
4.099999999999993427e+00,-2.821658899789000419e+00,2.724706443538569722e+00,7.346320573745673821e-01,3.968071153428632258e-01,-2.038992470788919130e-04,1.430384407532888855e-02
4.149999999999993250e+00,-2.806935819357149864e+00,2.738005714930795698e+00,7.349474048318773711e-01,3.967969203805092882e-01,-2.424192542015814536e-04,1.271530043573245589e-02
4.199999999999993072e+00,-2.792217311713517169e+00,2.751309286737004811e+00,7.352277194976154506e-01,3.967847994177992055e-01,-2.840681549155852476e-04,1.161697932660598308e-02
4.249999999999992895e+00,-2.777502983326968877e+00,2.764616577323573132e+00,7.354838110630388393e-01,3.967705960100534335e-01,-3.236634725113136262e-04,1.087330628332418628e-02
4.299999999999992717e+00,-2.762792589903531049e+00,2.777927159203156915e+00,7.357234987432543782e-01,3.967544128364278722e-01,-3.267971993074312177e-04,-6.891230907852230816e-03
4.349999999999992539e+00,-2.748085987151171583e+00,2.791240723554871295e+00,7.355716004347125914e-01,3.967380729764625191e-01,-2.354347566616091518e-04,-1.128065659937323682e-02
4.399999999999992362e+00,-2.733377968017850268e+00,2.804551505633567476e+00,7.353229528897153866e-01,3.967263012386294529e-01,-2.363533934585597515e-04,-1.126553546117241809e-02
4.449999999999992184e+00,-2.718667076150308670e+00,2.817858235348178031e+00,7.350746460399527615e-01,3.967144835689564997e-01,-2.647396466718966420e-04,-1.000798036472792286e-02
4.499999999999992006e+00,-2.703953318890135460e+00,2.831160915565793967e+00,7.348540658553817106e-01,3.967012465866229243e-01,-2.984709839722704235e-04,-8.467706219137682150e-03
4.549999999999991829e+00,-2.689237118725074982e+00,2.844459906140658134e+00,7.346674419719854132e-01,3.966863230374242932e-01,-2.909549996101194573e-04,-3.424335140335724864e-02
4.599999999999991651e+00,-2.674518990610795122e+00,2.857755649896613015e+00,7.339124874629785467e-01,3.966717752874437952e-01,-1.686857189137138942e-04,-3.824212044784822129e-02
4.649999999999991473e+00,-2.659791369138674533e+00,2.871039791157837584e+00,7.330693225130235913e-01,3.966633410014980821e-01,-1.612342906603089808e-04,-3.634211740125740248e-02
4.699999999999991296e+00,-2.645052865566751787e+00,2.884311227692613944e+00,7.322681038729530467e-01,3.966552792869650901e-01,-1.878087513752868878e-04,-3.291268815051140439e-02
4.749999999999991118e+00,-2.630304033163049393e+00,2.897570581718849514e+00,7.315425645689460632e-01,3.966458888493963331e-01,-2.220203566219486791e-04,-2.932930292271667891e-02
4.799999999999990941e+00,-2.615545933851922467e+00,2.910818917749300017e+00,7.308960821092339577e-01,3.966347878315652498e-01,-2.075098598411293763e-04,-6.330968150676474782e-02
4.849999999999990763e+00,-2.600779686086393205e+00,2.924057339642504694e+00,7.294991696095539657e-01,3.966244123385732068e-01,-6.072603497450580930e-05,-6.679481882145181515e-02
4.899999999999990585e+00,-2.585995346567829589e+00,2.937274775708441421e+00,7.280251737583663951e-01,3.966213760368244579e-01,-4.892156856436047016e-05,-6.288320805927777313e-02
4.949999999999990408e+00,-2.571191653999521876e+00,2.950470304351371809e+00,7.266377431431108036e-01,3.966189299583962602e-01,-7.755453836267423408e-05,-5.737386258651403642e-02
4.999999999999990230e+00,-2.556369759216411630e+00,2.963645199950266207e+00,7.253721563919081072e-01,3.966150522314781379e-01,-1.146161293373551722e-04,-5.181941739765658778e-02
5.049999999999990052e+00,-2.541531347410578512e+00,2.976801197982416713e+00,7.242293354581247344e-01,3.966093214250112631e-01,-9.150510366261784944e-05,-9.397012848713151567e-02
5.099999999999989875e+00,-2.526678124969478745e+00,2.989940039929796622e+00,7.221526955192023589e-01,3.966047461698281595e-01,7.626794115917189800e-05,-9.661538492245486109e-02
5.149999999999989697e+00,-2.511797821590841640e+00,3.003047857561683909e+00,7.200172625013485650e-01,3.966085595668861208e-01,8.946822548997233416e-05,-9.042147820957534277e-02
5.199999999999989519e+00,-2.496889417950028278e+00,3.016123995167524718e+00,7.180194853253387688e-01,3.966130329781606401e-01,5.696398929002608217e-05,-8.245470726102964443e-02
5.249999999999989342e+00,-2.481954752419311738e+00,3.029170470182100949e+00,7.161985449784965541e-01,3.966158811776251403e-01,1.490735357230509907e-05,-7.454267634729754011e-02
5.299999999999989164e+00,-2.466996247388511421e+00,3.042189821942049566e+00,7.145530065731947600e-01,3.966166265453037743e-01,4.222302581780766834e-05,-1.247166876449409961e-01
5.349999999999988987e+00,-2.452016310624312911e+00,3.055184565712938394e+00,7.117906299137920501e-01,3.966187376965946698e-01,2.255450857306910294e-04,-1.266491371778976083e-01
5.399999999999988809e+00,-2.437000454755231971e+00,3.068137948678368421e+00,7.089849784660934295e-01,3.966300149508811823e-01,2.363439507743187828e-04,-1.182112205307081915e-01
5.449999999999988631e+00,-2.421947887371297625e+00,3.081049518569437318e+00,7.063679929274216951e-01,3.966418321484199150e-01,1.939865475317356582e-04,-1.078067637013475355e-01
5.499999999999988454e+00,-2.406861132697336370e+00,3.093922035453592123e+00,7.039831537527245775e-01,3.966515314757965149e-01,1.395508125545340239e-04,-9.757033215951940730e-02
5.549999999999988276e+00,-2.391743352397186495e+00,3.106758850181227771e+00,7.018262257930247827e-01,3.966585090164242433e-01,8.666638143603797419e-05,-8.798945951817221944e-02
5.599999999999988098e+00,-2.376597652775428227e+00,3.119563252350220584e+00,6.998822191734256348e-01,3.966628423354960353e-01,1.297378039042982136e-04,-1.476924473874113575e-01
5.649999999999987921e+00,-2.361426924214086398e+00,3.132338326563010256e+00,6.966036735113875222e-01,3.966693292256912584e-01,3.265589585645492553e-04,-1.498083503989880716e-01
5.699999999999987743e+00,-2.346214144817004854e+00,3.145063802384629792e+00,6.932773985208494638e-01,3.966856571736194770e-01,3.366300675594866313e-04,-1.396177601286328063e-01
5.749999999999987566e+00,-2.330958493287125233e+00,3.157739127742073215e+00,6.901803394888413878e-01,3.967024886769974779e-01,2.919091442493868763e-04,-1.271740758587553421e-01
5.799999999999987388e+00,-2.315663009788568871e+00,3.170367680543233924e+00,6.873623380965813157e-01,3.967170841342099741e-01,2.376552723878166485e-04,-1.149596411314491168e-01
5.849999999999987210e+00,-2.300331435731704843e+00,3.182953543606558799e+00,6.848174253883293483e-01,3.967289668978293826e-01,2.555173814568457383e-04,-1.836673795304101797e-01
5.899999999999987033e+00,-2.284967421254076925e+00,3.195500724248869773e+00,6.807231627601386670e-01,3.967417427669022167e-01,4.912994497357387217e-04,-1.843793063988734549e-01
5.949999999999986855e+00,-2.269551667822621965e+00,3.207985297620630671e+00,6.766125329301853064e-01,3.967663077393889792e-01,5.146927480465439495e-04,-1.710810041169956719e-01
5.999999999999986677e+00,-2.254083767654599946e+00,3.220407166311973768e+00,6.728042401615129675e-01,3.967920423767913318e-01,4.756340793430650568e-04,-1.553984105522861203e-01
6.049999999999986500e+00,-2.238567667330634503e+00,3.232770840643275800e+00,6.693507936681827308e-01,3.968158240807584947e-01,4.235203980745099166e-04,-1.401899575068437653e-01
6.099999999999986322e+00,-2.223008029818537512e+00,3.245081595132517371e+00,6.662398539442113687e-01,3.968370001006621961e-01,3.758530533055584751e-04,-2.206569714663224047e-01
6.149999999999986144e+00,-2.207409337268061655e+00,3.257344539409401829e+00,6.612946179303922367e-01,3.968557927533274965e-01,6.545802203864751123e-04,-2.207289221953522285e-01
6.199999999999985967e+00,-2.191749450990490011e+00,3.269530771902596999e+00,6.563474815496843640e-01,3.968885217643468022e-01,6.990130810956874134e-04,-2.040982447802294208e-01
6.249999999999985789e+00,-2.176028173196304927e+00,3.281640382601904271e+00,6.517836989328321673e-01,3.969234724184015906e-01,6.731131447224893410e-04,-1.848335947569431648e-01
6.299999999999985612e+00,-2.160250404391290679e+00,3.293679179008822455e+00,6.476608192503978678e-01,3.969571280756377107e-01,6.320792907193713370e-04,-1.663198745562644854e-01
6.349999999999985434e+00,-2.144421793299211121e+00,3.305653838700055580e+00,6.439587390161988223e-01,3.969887320401736530e-01,5.062621014332926994e-04,-2.585403719657595190e-01
6.399999999999985256e+00,-2.128547695901462866e+00,3.317570766375591784e+00,6.381261094368390063e-01,3.970140451452452979e-01,8.184133008629464667e-04,-2.565308256560611122e-01
6.449999999999985079e+00,-2.112603345295864354e+00,3.329395658082166864e+00,6.323405059637141612e-01,3.970549658102884294e-01,8.616979169763369032e-04,-2.366099567350747890e-01
6.499999999999984901e+00,-2.096589197365589463e+00,3.341129313981067384e+00,6.270215883690793968e-01,3.970980507061372400e-01,8.199931701016376171e-04,-2.144590695090675403e-01
6.549999999999984723e+00,-2.080511121446035450e+00,3.352778890342960949e+00,6.222165132509145380e-01,3.971390503646423098e-01,7.790776508347110841e-04,-1.931037463678451360e-01
6.599999999999984546e+00,-2.064375588470602541e+00,3.364352270960137670e+00,6.179022524254769166e-01,3.971780042471840244e-01,6.134065907482211082e-04,-2.935816097707151795e-01
6.649999999999984368e+00,-2.048188687674535657e+00,3.375857059539800087e+00,6.112314817034042447e-01,3.972086745767214322e-01,8.922888939588255637e-04,-2.905235110763704776e-01
6.699999999999984190e+00,-2.031924145930492198e+00,3.387254493889414242e+00,6.046337792949803003e-01,3.972532890214193757e-01,9.224563985482940771e-04,-2.681767461639515959e-01
6.749999999999984013e+00,-2.015582926607542458e+00,3.398545640427082404e+00,5.985691292253640938e-01,3.972994118413468168e-01,8.786954784823037753e-04,-2.432957742417189984e-01
6.799999999999983835e+00,-1.999171626164112148e+00,3.409738775572302760e+00,5.930905318860222319e-01,3.973433466152709315e-01,8.380317660310286892e-04,-2.192741972552166019e-01
6.849999999999983658e+00,-1.982697428065587575e+00,3.420843060094915344e+00,5.881710360950915817e-01,3.973852482035724609e-01,4.192479290079358795e-04,-3.278374442016017687e-01
6.899999999999983480e+00,-1.966167059040006215e+00,3.431867328261221761e+00,5.806624334785659425e-01,3.974062106000228467e-01,6.007583480208822510e-04,-3.251199996195474062e-01
6.949999999999983302e+00,-1.949553503592629022e+00,3.442767741829320993e+00,5.732203092596345195e-01,3.974362485174238735e-01,6.152338888153239356e-04,-3.012323423670162370e-01
6.999999999999983125e+00,-1.932858024901718208e+00,3.453545029074743589e+00,5.663604044093151213e-01,3.974670102118646464e-01,6.025407051411037522e-04,-2.738519865352779803e-01
7.049999999999982947e+00,-1.916087710527132337e+00,3.464208359525144942e+00,5.601574986555833968e-01,3.974971372471217124e-01,5.845383521413035363e-04,-2.475540767997026215e-01
7.099999999999982769e+00,-1.899250299431314515e+00,3.474768261176655493e+00,5.545762381263394936e-01,3.975263641647287516e-01,-2.981211114155481613e-04,-3.549028550672083115e-01
7.149999999999982592e+00,-1.882352971000438968e+00,3.485234794385612567e+00,5.463917303369435485e-01,3.975114581091580002e-01,2.621218467416708449e-04,-3.637975745443410847e-01
7.199999999999982414e+00,-1.865371182834234309e+00,3.495562295002815567e+00,5.379833760580440272e-01,3.975245642014950676e-01,2.510852648056544675e-04,-3.393299839242173155e-01
7.249999999999982236e+00,-1.848302595974767426e+00,3.505746979115727857e+00,5.301878486495482656e-01,3.975371184647353284e-01,2.448621812835940809e-04,-3.091913470552131171e-01
7.299999999999982059e+00,-1.831154592028054529e+00,3.515798613909960402e+00,5.231329758946337005e-01,3.975493615737994979e-01,2.372497317784961210e-04,-2.797144310346462159e-01
7.349999999999981881e+00,-1.813935572117289619e+00,3.525729328412554153e+00,5.167888573601722157e-01,3.975612240603884073e-01,2.210632609276277243e-05,-4.027021504412716668e-01
7.399999999999981704e+00,-1.796653381843842601e+00,3.535550897357654598e+00,5.073803050574818840e-01,3.975623293766930577e-01,-3.567584771167353500e-05,-3.936475315675250775e-01
7.449999999999981526e+00,-1.779279502796646151e+00,3.545209460459997519e+00,4.982071025553674870e-01,3.975605455843074787e-01,-8.025433928600716126e-05,-3.634475870074782011e-01
7.499999999999981348e+00,-1.761817834364969304e+00,3.554708202697546948e+00,4.898065594454298899e-01,3.975565328673431598e-01,-9.677154294614386746e-05,-3.305424008612449227e-01
7.549999999999981171e+00,-1.744277165447705613e+00,3.564059829614757646e+00,4.822280051363635467e-01,3.975516942901958783e-01,-9.750472127691760748e-05,-2.990190975420169428e-01
7.599999999999980993e+00,-1.726666343453848063e+00,3.573278144145254576e+00,4.754196715041810739e-01,3.975468190541320279e-01,-3.128044009025305423e-04,-4.342335199425692571e-01
7.649999999999980815e+00,-1.708993385472020732e+00,3.582376234028450845e+00,4.651772091748243021e-01,3.975311788340868957e-01,-3.205654793672066600e-04,-4.293351778119130491e-01
7.699999999999980638e+00,-1.691228868202312885e+00,3.591292484447618172e+00,4.550662993107768561e-01,3.975151505601185464e-01,-2.866836573455373025e-04,-3.979029657895963856e-01
7.749999999999980460e+00,-1.673375828949652311e+00,3.600028314502916160e+00,4.457838011894646457e-01,3.975008163772512648e-01,-2.407315174739698934e-04,-3.620968699746544006e-01
7.799999999999980282e+00,-1.655443116348737087e+00,3.608597740757014449e+00,4.374186460784101893e-01,3.974887798013775897e-01,-2.464872845420873612e-04,-5.048862737209363072e-01
7.849999999999980105e+00,-1.637439892593996360e+00,3.617016604077362807e+00,4.252143253329795369e-01,3.974764554371504888e-01,-5.599739663877830158e-04,-4.980929265018239072e-01
7.899999999999979927e+00,-1.619335826958200997e+00,3.625214874567046497e+00,4.132054833210858091e-01,3.974484567388311129e-01,-6.246480913053259303e-04,-4.614262157672347486e-01
7.949999999999979750e+00,-1.601135899466416435e+00,3.633194588139849746e+00,4.022264922469029891e-01,3.974172243342658506e-01,-5.884267380336918526e-04,-4.193905549359669416e-01
7.999999999999979572e+00,-1.582850898403148854e+00,3.640973396635383441e+00,3.923828703119085493e-01,3.973878029973641479e-01,-5.346173823749729740e-04,-3.788696219989124425e-01
8.049999999999979394e+00,-1.564491572065767055e+00,3.648571278008845287e+00,3.835939192335424130e-01,3.973610721282453961e-01,-1.115122405188294071e-04,-5.900184458298785017e-01
8.099999999999980105e+00,-1.546067417675926814e+00,3.656007008579986284e+00,3.688124767379850621e-01,3.973554965162194308e-01,-5.567759094681257089e-05,-5.966474266156580608e-01
8.149999999999980815e+00,-1.527535629218625735e+00,3.663169500681410895e+00,3.538183480879730780e-01,3.973527126366721007e-01,-4.481566384557918528e-05,-5.451098665525251352e-01
8.199999999999981526e+00,-1.508898663184645494e+00,3.670053281811543666e+00,3.404320440873284670e-01,3.973504718534798252e-01,-5.734790936638361840e-05,-4.876440204205110818e-01
8.249999999999982236e+00,-1.490171326908354965e+00,3.676686936136287276e+00,3.287242078733501605e-01,3.973476044580114830e-01,-7.099066874569764929e-05,-4.364090012960822329e-01
8.299999999999982947e+00,-1.471367745856509757e+00,3.683100837955616047e+00,3.184284673152913969e-01,3.973440549245741971e-01,-1.523220566633765288e-04,-7.828623618361116865e-01
8.349999999999983658e+00,-1.452499295259259471e+00,3.689320750898646750e+00,2.964654686249262316e-01,3.973364388217410226e-01,-1.350121300766999276e-04,-7.578463321789111751e-01
8.399999999999984368e+00,-1.433499162532696047e+00,3.695124678052896350e+00,2.755752707661837664e-01,3.973296882152371756e-01,-1.350479979776458448e-04,-6.552828842823301692e-01
8.449999999999985079e+00,-1.414382263914489180e+00,3.700530359329502250e+00,2.586098667850548205e-01,3.973229358153382851e-01,-1.204425720932078591e-04,-5.690297297264877985e-01
8.499999999999985789e+00,-1.395176737615910767e+00,3.705610865987987612e+00,2.444916473117757505e-01,3.973169136867336082e-01,-1.127574493221119385e-04,-5.053399131171167902e-01
8.549999999999986500e+00,-1.375901692174320790e+00,3.710419654606603057e+00,2.322795285084723604e-01,3.973112758142675061e-01,-7.835952340346646894e-05,-7.857955460920462709e-01
8.599999999999987210e+00,-1.356569634299867655e+00,3.714992636463301690e+00,2.102066798521241564e-01,3.973073578380973414e-01,-3.594186127365241374e-05,-7.857262987145572364e-01
8.649999999999987921e+00,-1.337141546672852677e+00,3.719137784547236425e+00,1.881340488611187578e-01,3.973055607450336479e-01,-6.025002868972189756e-05,-7.143018807796492897e-01
8.699999999999988631e+00,-1.317626792920205903e+00,3.722853111917856062e+00,1.689963578700025837e-01,3.973025482435991740e-01,-6.189955360917878831e-05,-6.169763589862871100e-01
8.749999999999989342e+00,-1.298044662741935085e+00,3.726194289073200938e+00,1.533392353079809645e-01,3.972994532659187006e-01,-6.838371534108127724e-05,-5.486188069106257004e-01
8.799999999999990052e+00,-1.278412774600339086e+00,3.729228445778013601e+00,1.398485695235692494e-01,3.972960340801516277e-01,-9.836648534536093144e-07,-7.857435106265491243e-01
8.849999999999990763e+00,-1.258741910652253049e+00,3.731997463343041499e+00,1.177765676302274939e-01,3.972959848969089824e-01,-3.180174652911889005e-06,-7.857425457298304883e-01
8.899999999999991473e+00,-1.239014727712733244e+00,3.734331666056760923e+00,9.570456846928811212e-02,3.972958258881763571e-01,-3.287422912339218572e-05,-7.635794660393998567e-01
8.949999999999992184e+00,-1.219240841431878941e+00,3.736229916441262677e+00,7.457532244785231024e-02,3.972941821767201898e-01,-5.908798539792666611e-05,-6.583856233987949169e-01
8.999999999999992895e+00,-1.199431345305582930e+00,3.737709960765238204e+00,5.750223690353145622e-02,3.972912277774502954e-01,4.738738490702622676e-05,-7.857358464930452868e-01
9.049999999999993605e+00,-1.179599616026694830e+00,3.738851588104248780e+00,3.543050202700644136e-02,3.972935971466956540e-01,5.793313948094766833e-05,-7.858145868255770328e-01
9.099999999999994316e+00,-1.159747403134774535e+00,3.739555256441090769e+00,1.335863551885668743e-02,3.972964938036697147e-01,2.814278999950350007e-05,-7.857258154364069602e-01
9.149999999999995026e+00,-1.139884350888432429e+00,3.739820615501249002e+00,-8.713391914680516243e-03,3.972979009431696906e-01,-3.034832301142104840e-05,-7.511814877110011279e-01
9.199999999999995737e+00,-1.120020209939689204e+00,3.739647527075616207e+00,-2.932445127673145510e-02,3.972963835270191257e-01,-3.786942586801690311e-05,-6.594912706397912938e-01
9.249999999999996447e+00,-1.100163931263144379e+00,3.739065085637774732e+00,-4.643667039047455480e-02,3.972944900557257020e-01,8.910652773768765341e-05,-7.858020383597902336e-01
9.299999999999997158e+00,-1.080320620703860479e+00,3.738142965461547007e+00,-6.850858650468152899e-02,3.972989453821125783e-01,9.052338183712483970e-05,-7.858512583376935368e-01
9.349999999999997868e+00,-1.060502272538908830e+00,3.736783110315914147e+00,-9.058075013702111822e-02,3.973034715512044346e-01,7.130203242183644500e-05,-7.858889551636086823e-01
9.399999999999998579e+00,-1.040718538860997411e+00,3.734986167626769937e+00,-1.126531652231991393e-01,3.973070366528255182e-01,2.415441710060827989e-05,-7.859029147172100771e-01
9.449999999999999289e+00,-1.020979106740199427e+00,3.732753003283728610e+00,-1.347257783705783363e-01,3.973082443736805636e-01,-2.389611634699355313e-06,-7.026090961381353805e-01
9.500000000000000000e+00,-1.001293710883726984e+00,3.730084709335862225e+00,-1.534160042863863538e-01,3.973081248930988019e-01,8.524944754195486727e-05,-7.855763734604166437e-01
9.550000000000000711e+00,-9.816616272402197696e-01,3.727048979262303163e+00,-1.754886778915585033e-01,3.973123873654759164e-01,7.691410218638382822e-05,-7.840536601783065773e-01
9.600000000000001421e+00,-9.621011171946873830e-01,3.723580654069394757e+00,-1.975023137616416236e-01,3.973162330705852230e-01,1.126120700450846805e-04,-7.575892888527406832e-01
9.650000000000002132e+00,-9.426215022052237824e-01,3.719682568319213622e+00,-2.183806967563003965e-01,3.973218636740874499e-01,9.882122807814384957e-05,-7.148095676504988560e-01
9.700000000000002842e+00,-9.232272376814933956e-01,3.715378597830560015e+00,-2.375388125121875027e-01,3.973268047354913679e-01,1.115557293567928009e-04,-6.568362086934587118e-01
9.750000000000003553e+00,-9.039187430253938782e-01,3.710703824197680856e+00,-2.545587001554026063e-01,3.973323825219591821e-01,7.507280607022510997e-05,-6.142475405751752771e-01
9.800000000000004263e+00,-8.846923352898435899e-01,3.705701044861370530e+00,-2.701266274081275953e-01,3.973361361622627097e-01,6.382913062324234031e-05,-5.873852825835925717e-01
9.850000000000004974e+00,-8.655459562495071424e-01,3.700399518440173008e+00,-2.848231054160316189e-01,3.973393276187938694e-01,8.559785763032530536e-05,-5.816330103441240684e-01
9.900000000000005684e+00,-8.464794026692377127e-01,3.694817145490243426e+00,-2.993371367639154346e-01,3.973436075116754118e-01,4.524023505587930905e-05,-5.591764289117744369e-01
9.950000000000006395e+00,-8.274956727187985361e-01,3.688958574568527382e+00,-3.131515121712234451e-01,3.973458695234282079e-01,4.852249359998751695e-05,-4.458487824209282357e-01
1.000000000000000711e+01,-8.085945764620023901e-01,3.682838287781157849e+00,-3.237020474374036061e-01,3.973482956481081962e-01,1.529893931027259706e-05,-4.085256028890315028e-01
1.005000000000000782e+01,-7.897589882693316632e-01,3.676518890058885436e+00,-3.332578194005599848e-01,3.973490605950736887e-01,4.925558283145783478e-05,-4.062320357546044258e-01
1.010000000000000853e+01,-7.709846096965840001e-01,3.670019782497333516e+00,-3.427535515561287438e-01,3.973515233742152541e-01,3.099470506997901293e-05,-3.916039514670145438e-01
1.015000000000000924e+01,-7.522726744311856173e-01,3.663342652766448548e+00,-3.518690409491359028e-01,3.973530731094687685e-01,9.999906203362863321e-06,-2.156703934760728358e-01
1.020000000000000995e+01,-7.336223082910143800e-01,3.656495207650830359e+00,-3.567052181177799430e-01,3.973535731047789232e-01,-1.539074791791851570e-05,-1.698507377271034069e-01
1.025000000000001066e+01,-7.150052521560382734e-01,3.649557637758210404e+00,-3.604911845441298723e-01,3.973528035673830061e-01,-2.766037107546328097e-05,-1.572447939840935227e-01
1.030000000000001137e+01,-6.964146307927449042e-01,3.642549647776496258e+00,-3.639912832538360066e-01,3.973514205488292150e-01,-2.759290657331542378e-05,-1.525449420530263778e-01
1.035000000000001208e+01,-6.778487165303148654e-01,3.635476656462311773e+00,-3.673850904020482533e-01,3.973500409035005676e-01,-2.559692674795167817e-05,-1.491541742179825769e-01
1.040000000000001279e+01,-6.593069778896680777e-01,3.628340721646397427e+00,-3.707023050204875658e-01,3.973487610571631579e-01,-9.613438678253674228e-05,1.487414445794611913e-02
1.045000000000001350e+01,-6.407890722941604889e-01,3.621143342460886316e+00,-3.703739350888040627e-01,3.973439543378240457e-01,-1.042345481461510196e-04,3.334038870559763446e-02
1.050000000000001421e+01,-6.222690283334273431e-01,3.613952131379673194e+00,-3.696376843850583405e-01,3.973387426104167397e-01,-1.223057542853379811e-04,3.165538214705847231e-02
1.055000000000001492e+01,-6.037439378444124927e-01,3.606774651785701558e+00,-3.689386781233507384e-01,3.973326273227024696e-01,-1.147813513908445336e-04,2.948604079205377135e-02
1.060000000000001563e+01,-5.852141199680834793e-01,3.599610233364923584e+00,-3.682876135360533265e-01,3.973268882551329040e-01,-1.168925933278474162e-04,1.847260962028492437e-01
1.065000000000001634e+01,-5.666799092319965148e-01,3.592457983878462269e+00,-3.641629993293130085e-01,3.973210436254664968e-01,-9.518833109941135387e-05,1.955497074539203628e-01
1.070000000000001705e+01,-5.481166290331708213e-01,3.585382345565987450e+00,-3.597906794685746257e-01,3.973162842089115188e-01,-6.328979854410129655e-05,1.873736262823768872e-01
1.075000000000001776e+01,-5.295228121511905695e-01,3.578388023010991681e+00,-3.556056655735256311e-01,3.973131197189843089e-01,-6.333039781808741007e-05,1.773173962668412318e-01
1.080000000000001847e+01,-5.109000351718718802e-01,3.571471631948404557e+00,-3.516502050523423462e-01,3.973099531990934019e-01,-6.414274870048032617e-05,1.690521149570909931e-01
1.085000000000001918e+01,-4.922501950721236419e-01,3.564629010993574099e+00,-3.478827980670641251e-01,3.973067460616583890e-01,-1.041582676485404169e-04,3.811006535273556706e-01
1.090000000000001990e+01,-4.735748591980702971e-01,3.557856754637192420e+00,-3.390385396664152839e-01,3.973015381482759567e-01,-7.890283853782977365e-05,3.802568672409276651e-01
1.095000000000002061e+01,-4.548406044883918642e-01,3.551250017090539224e+00,-3.302160043790945410e-01,3.972975930063490924e-01,-7.238010554176996627e-05,3.578356209529502951e-01
1.100000000000002132e+01,-4.360489780650594893e-01,3.544808882106119885e+00,-3.219625037259189471e-01,3.972939740010720255e-01,-5.559624077732694430e-05,3.380657897083266805e-01
1.105000000000002203e+01,-4.172050020275804849e-01,3.538523118704365977e+00,-3.142028640577592125e-01,3.972911941890331367e-01,-3.908388492566631904e-05,3.204815870439312042e-01
1.110000000000002274e+01,-3.983129507205533937e-01,3.532383808493680721e+00,-3.068767269225124439e-01,3.972892399947868802e-01,-5.011558279886083760e-05,7.004072309915703176e-01
1.115000000000002345e+01,-3.793765225197437418e-01,3.526383097074634598e+00,-2.882706838817575279e-01,3.972867342156469195e-01,-1.772441223249944661e-05,6.533686440172835619e-01
1.120000000000002416e+01,-3.603318490425332365e-01,3.520735771592092167e+00,-2.713742228522876276e-01,3.972858479950353017e-01,-3.339466806407553499e-05,5.960317316655101560e-01
1.125000000000002487e+01,-3.411945214509649604e-01,3.515411036369019193e+00,-2.564025727367272856e-01,3.972841782616320927e-01,-6.338967822503559556e-06,5.283664881004107583e-01
1.130000000000002558e+01,-3.219797023010945169e-01,3.510373425746876830e+00,-2.435189820040328523e-01,3.972838613132409491e-01,-1.566913599206526701e-05,4.802017156922107621e-01
1.135000000000002629e+01,-3.027015924951985126e-01,3.505583786046261530e+00,-2.320227511223305061e-01,3.972830778564413468e-01,-5.340991651781728908e-06,6.052793183629833207e-01
1.140000000000002700e+01,-2.833697331369825489e-01,3.501016092576699990e+00,-2.167512946281205388e-01,3.972828108068587327e-01,-1.715580685557389120e-05,5.802080914370502107e-01
1.145000000000002771e+01,-2.639703884170606640e-01,3.496744148775087435e+00,-2.022843314961417227e-01,3.972819530165159763e-01,-1.514998985545462370e-05,5.690726135356036774e-01
1.150000000000002842e+01,-2.445113158527711106e-01,3.492753300441805653e+00,-1.881662345431883154e-01,3.972811955170231779e-01,7.565588639435163188e-06,5.484956963600237101e-01
1.155000000000002913e+01,-2.249978784483327443e-01,3.489037572862763614e+00,-1.746799207028005563e-01,3.972815737964551230e-01,8.049853606081083340e-06,5.172075409691938574e-01
1.160000000000002984e+01,-2.054360870000629391e-01,3.485585336264575673e+00,-1.621245022977230443e-01,3.972819762891354189e-01,2.948353990448670405e-05,4.357923512031009472e-01
1.165000000000003055e+01,-1.858324743806998303e-01,3.482378968540740694e+00,-1.518470283302989221e-01,3.972834504661306165e-01,1.958082940065620969e-05,4.098880746598773106e-01
1.170000000000003126e+01,-1.661968714410350656e-01,3.479374231076083568e+00,-1.422570882583128471e-01,3.972844295076006227e-01,1.317478722042733687e-05,4.051179076770400345e-01
1.175000000000003197e+01,-1.465333081395833181e-01,3.476557926207510363e+00,-1.327920271174865274e-01,3.972850882469616263e-01,2.989772567060171887e-05,3.767111225599922286e-01
1.180000000000003268e+01,-1.268439368883846896e-01,3.473927857179715861e+00,-1.240604919838736581e-01,3.972865831332451636e-01,4.033244294830630217e-05,2.624737892614859014e-01
1.185000000000003340e+01,-1.071322777701772949e-01,3.471469795412425619e+00,-1.181305009689931490e-01,3.972885997553926019e-01,1.949070275111102477e-05,2.376523180385915479e-01
1.190000000000003411e+01,-8.740628890201394829e-02,3.469128654256472544e+00,-1.127841032839625723e-01,3.972895742905301342e-01,1.236109564785827826e-05,2.380271717051113678e-01
1.195000000000003482e+01,-6.766801692749424557e-02,3.466893003554827324e+00,-1.074289325941799322e-01,3.972901923453125428e-01,3.543691406192355431e-05,2.141477694103811891e-01
1.200000000000003553e+01,-4.791802501945686271e-02,3.464763082906799241e+00,-1.026287288586147095e-01,3.972919641910156452e-01,2.394471538809074938e-05,2.056659038520720628e-01
1.205000000000003624e+01,-2.815794851027792617e-02,3.462727981342188066e+00,-9.802421199913198546e-02,3.972931614267850575e-01,4.406846248152946985e-06,7.065542647633232809e-02
1.210000000000003695e+01,-8.388651272332740133e-03,3.460783880776631793e+00,-9.646211627682350909e-02,3.972933817690974534e-01,2.154638048786615908e-05,3.325591353084943191e-02
1.215000000000003766e+01,1.138366968150144459e-02,3.458870663044018912e+00,-9.572782587315112335e-02,3.972944590881218319e-01,-3.166979858179760629e-06,2.517143687290878187e-02
1.220000000000003837e+01,3.115744378151790242e-02,3.456971959302824082e+00,-9.517212670447292022e-02,3.972943007391289139e-01,-1.294734647062007038e-05,2.279248991503339886e-02
1.225000000000003908e+01,5.093226205486485469e-02,3.455084244876437616e+00,-9.466896588545996305e-02,3.972936533718053886e-01,-1.646899646513817181e-05,2.170471614043711917e-02
1.230000000000003979e+01,7.070799542547687166e-02,3.453206483662051518e+00,-9.418982697811689730e-02,3.972928299219821158e-01,-2.804081281356065185e-05,-1.540759166591362250e-01
1.235000000000004050e+01,9.048458524452232532e-02,3.451338201858422661e+00,-9.761773195776043965e-02,3.972914278813414191e-01,-4.462407512259356889e-05,-1.908964123671395563e-01
1.240000000000004121e+01,1.102545848227063363e-01,3.449402145725819047e+00,-1.018830872915673230e-01,3.972891966775852768e-01,-3.601640211323459844e-05,-1.907918352377114823e-01
1.245000000000004192e+01,1.300160356368361692e-01,3.447381792733758221e+00,-1.061460243323316677e-01,3.972873958574796305e-01,-2.255927181805752221e-05,-1.842280624450501891e-01
1.250000000000004263e+01,1.497686047466932069e-01,3.445277226073287125e+00,-1.102588534650482122e-01,3.972862678938887115e-01,-1.682320405835757097e-05,-1.733435812091957406e-01
1.255000000000004334e+01,1.695122950414622576e-01,3.443091444705702386e+00,-1.141235861914438737e-01,3.972854267336857759e-01,-3.118902130474182730e-05,-1.718785389853400569e-01
1.260000000000004405e+01,1.892473486647888725e-01,3.440829380555011419e+00,-1.179549922884428476e-01,3.972838672826205508e-01,-4.712028576260816621e-05,-3.675409746783090403e-01
1.265000000000004476e+01,2.089735131403036572e-01,3.438491729363638783e+00,-1.264532671221792193e-01,3.972815112683324434e-01,-1.294418970763084867e-05,-3.905765307632791394e-01
1.270000000000004547e+01,2.286789826783524882e-01,3.435986541092439506e+00,-1.355406186370700372e-01,3.972808640588470497e-01,-3.058443657431722876e-05,-3.774729594511496145e-01
1.275000000000004619e+01,2.483608413068004173e-01,3.433302392568577499e+00,-1.442915129540906782e-01,3.972793348370183275e-01,-3.691714036457348580e-05,-3.624413405575204195e-01
1.280000000000004690e+01,2.680183822730952681e-01,3.430446126145465513e+00,-1.526607020150170246e-01,3.972774889800000930e-01,-3.854346877069753877e-05,-3.471462469286183961e-01
1.285000000000004761e+01,2.876512392295114684e-01,3.427425458031531758e+00,-1.606459320410700553e-01,3.972755618065615391e-01,-3.341061071794592801e-05,-3.330199618551785146e-01
1.290000000000004832e+01,3.072592546641456090e-01,3.424248130422211656e+00,-1.682803024758808830e-01,3.972738912760256369e-01,1.684562614260134245e-06,-5.619614935859482685e-01
1.295000000000004903e+01,3.268423596815887011e-01,3.420921215995932574e+00,-1.821779450396963929e-01,3.972739755041563292e-01,-8.239550484634547336e-06,-5.738681785162793592e-01
1.300000000000004974e+01,3.463773429078050858e-01,3.417322471856147459e+00,-1.964453673127794509e-01,3.972735635266321230e-01,-2.526880169566280340e-05,-5.420443688627093470e-01
1.305000000000005045e+01,3.658589746405690457e-01,3.413445393610633261e+00,-2.097366394899389808e-01,3.972723000865473475e-01,-2.435802233762038006e-05,-5.113529506670946301e-01
1.310000000000005116e+01,3.852872940338031293e-01,3.409309742924873987e+00,-2.221213016684914776e-01,3.972710821854304464e-01,-1.862373541355621828e-05,-4.903953547149565440e-01
1.315000000000005187e+01,4.046628467633238135e-01,3.404933815791394647e+00,-2.339047170395205655e-01,3.972701509986597546e-01,-9.449269845936520372e-06,-4.648789445569216361e-01
1.320000000000005258e+01,4.239854469062578901e-01,3.400329898339644608e+00,-2.449739902938820602e-01,3.972696785351674809e-01,9.171152767882631031e-06,-7.854352791518942611e-01
1.325000000000005329e+01,4.432558793762013116e-01,3.395512385897529128e+00,-2.670445279902802227e-01,3.972701370928058973e-01,1.403050465157095166e-05,-7.733469039809723888e-01
1.330000000000005400e+01,4.624153242966519417e-01,3.390270766404990255e+00,-2.885894442574959418e-01,3.972708386180384688e-01,1.512668120919736235e-07,-6.893898819669801448e-01
1.335000000000005471e+01,4.814574347499821494e-01,3.384617596716764876e+00,-3.067824822492926096e-01,3.972708461813790892e-01,5.553700175386331912e-06,-6.409096666396643105e-01
1.340000000000005542e+01,5.003935516513109416e-01,3.378618947721917287e+00,-3.232462406259122289e-01,3.972711238663878541e-01,-1.018845930286348478e-05,-6.003362138520719204e-01
1.345000000000005613e+01,5.192283595618686354e-01,3.372309361711919973e+00,-3.383564588214396651e-01,3.972706144434227093e-01,-1.172686558404393051e-05,-5.651329762297514492e-01
1.350000000000005684e+01,5.379656577235715220e-01,3.365715917213777608e+00,-3.523519330438871222e-01,3.972700281001435019e-01,1.910617227868021970e-05,-7.854057080912824063e-01
1.355000000000005755e+01,5.566088179609416375e-01,3.358860899749871010e+00,-3.744224901605617828e-01,3.972709834087574388e-01,1.931779352127217079e-05,-7.854686139584827753e-01
1.360000000000005826e+01,5.750962004366894087e-01,3.351596102791812637e+00,-3.964931003499371776e-01,3.972719492984335132e-01,3.780742667308374995e-06,-7.856158605454692800e-01
1.365000000000005898e+01,5.934187994467101657e-01,3.343925061808580512e+00,-4.185637641998501413e-01,3.972721383355669045e-01,8.143016899180158193e-06,-7.828459243652904354e-01
1.370000000000005969e+01,6.115676534525729124e-01,3.335851526150755753e+00,-4.405220658367653974e-01,3.972725454864118877e-01,5.442012346647781584e-05,-7.853672864007713583e-01
1.375000000000006040e+01,6.295348837738112824e-01,3.327381442144282886e+00,-4.625913998966408314e-01,3.972752664925852106e-01,2.350345440654550143e-05,-7.853780852343752450e-01
1.380000000000006111e+01,6.473109465650235261e-01,3.318516867419020411e+00,-4.846613617687360875e-01,3.972764416653055131e-01,1.941836195773822250e-05,-7.859180351425291144e-01
1.385000000000006182e+01,6.648871073682399713e-01,3.309262138942447251e+00,-5.067322751945864123e-01,3.972774125834033776e-01,5.412354438140079419e-05,-7.854641980067299523e-01
1.390000000000006253e+01,6.822547861670257285e-01,3.299621750489972083e+00,-5.288032425603310660e-01,3.972801187606224693e-01,1.143999820892940437e-04,-6.717482036763127162e-01
1.395000000000006324e+01,6.994055964021249627e-01,3.289600351376786858e+00,-5.463520680828032328e-01,3.972858387597269503e-01,9.538530882547080697e-05,-6.298404633257408403e-01
1.400000000000006395e+01,7.163781554198327406e-01,3.279279385598916186e+00,-5.624392843144891962e-01,3.972906080251682459e-01,1.294696188460957363e-04,-5.440917049925746429e-01
1.405000000000006466e+01,7.331826915312689152e-01,3.268686598706791901e+00,-5.757927789407933927e-01,3.972970815061105387e-01,1.002446867252010891e-04,-4.919435404030977899e-01
1.410000000000006537e+01,7.498445543737332075e-01,3.257870187377146287e+00,-5.876209139424436456e-01,3.973020937404467823e-01,8.891550390014406205e-05,-4.633444844845177046e-01
1.415000000000006608e+01,7.663775252770038682e-01,3.246857319569987244e+00,-5.986487211464496250e-01,3.973065395156417656e-01,7.473321880680500857e-05,-4.427449157005839409e-01
1.420000000000006679e+01,7.827882291931448355e-01,3.235662677421553557e+00,-6.091141761869255378e-01,3.973102761765821000e-01,8.116122764274301209e-05,-3.385315873826618693e-01
1.425000000000006750e+01,7.990810327667625668e-01,3.224296799074488185e+00,-6.168856883512718881e-01,3.973143342379642506e-01,6.228901170886847979e-05,-2.957526493531151823e-01
1.430000000000006821e+01,8.152851806615992736e-01,3.212804528129211690e+00,-6.236110844406265175e-01,3.973174486885496792e-01,4.566279853801511498e-05,-2.749828512573139205e-01
1.435000000000006892e+01,8.314117990135253544e-01,3.201203447657451129e+00,-6.298385962274581917e-01,3.973197318284765744e-01,3.945134601362724092e-05,-2.616661698365766453e-01
1.440000000000006963e+01,8.474659515104279173e-01,3.189502096844111900e+00,-6.357499725034491123e-01,3.973217043957772421e-01,-8.907049224153122658e-06,-1.540494548109219985e-01
1.445000000000007034e+01,8.634507321812963099e-01,3.177705990331192165e+00,-6.391775284266425494e-01,3.973212590433160551e-01,-1.666909758730751026e-05,-1.129731549262884410e-01
1.450000000000007105e+01,8.793949693492593145e-01,3.165855177770394491e+00,-6.416818938616134504e-01,3.973204255884366654e-01,-1.784132540317476376e-05,-9.743235534186370228e-02
1.455000000000007176e+01,8.953094443993894203e-01,3.153964497161058755e+00,-6.438393844119545406e-01,3.973195335221664792e-01,-1.986838079706902124e-05,-9.016063068199144104e-02
1.460000000000007248e+01,9.111981927257140068e-01,3.142039535697037422e+00,-6.458349379070313923e-01,3.973185401031266162e-01,-2.462620722205611842e-05,-8.540403823437486830e-02
1.465000000000007319e+01,9.270630728658607600e-01,3.130082921046017930e+00,-6.477246795170433780e-01,3.973173087927655001e-01,-2.888055280797475504e-05,-8.154837061162625855e-02
1.470000000000007390e+01,9.429052806835614975e-01,3.118096384384971831e+00,-6.495287124879692842e-01,3.973158647651250930e-01,-2.932672845833973437e-05,5.144621641019885006e-02
1.475000000000007461e+01,9.587257811272081875e-01,3.106081331047690242e+00,-6.483921319121795923e-01,3.973143984287021979e-01,-3.021894801923174172e-05,8.876596943557599206e-02
1.480000000000007532e+01,9.745598689879731991e-01,3.094084311017096134e+00,-6.464276363111550738e-01,3.973128874813012246e-01,-3.289881484216088402e-05,9.777589908499938198e-02
1.485000000000007603e+01,9.904174340678857380e-01,3.082118465617244230e+00,-6.442625309721948801e-01,3.973112425405591064e-01,-3.659797489400592487e-05,9.743197217051921544e-02
1.490000000000007674e+01,1.006300803515692177e+00,3.070187030933716255e+00,-6.421050988252252623e-01,3.973094126418144079e-01,-3.909790319741251959e-05,9.448864749710636501e-02
1.495000000000007745e+01,1.022209803967096153e+00,3.058289946077681787e+00,-6.400132458538746461e-01,3.973074577466545465e-01,-4.206438014344448270e-05,9.074132786052999111e-02
1.500000000000007816e+01,1.038143578145095836e+00,3.046426224890917300e+00,-6.380048300521339311e-01,3.973053545276473697e-01,3.965743990040829220e-05,2.267452861880795423e-01
1.505000000000007887e+01,1.054101062981598780e+00,3.034594591887243453e+00,-6.329124168505128045e-01,3.973073373996424129e-01,8.437359401952385020e-05,2.619129509881814588e-01
1.510000000000007958e+01,1.070118672152430284e+00,3.022844315408391047e+00,-6.269953868173606670e-01,3.973115560793433754e-01,6.965055620073793145e-05,2.624386118240401577e-01
1.515000000000008029e+01,1.086205698072063797e+00,3.011188896988338026e+00,-6.210658555585089058e-01,3.973150386071533924e-01,3.912090740369804321e-05,2.531975389790759867e-01
1.520000000000008100e+01,1.102361693560585998e+00,2.999628970105638448e+00,-6.153544357005722443e-01,3.973169946525235696e-01,5.754103067350575823e-06,2.419449194121340296e-01
1.525000000000008171e+01,1.118583528642272951e+00,2.988161448482295590e+00,-6.099072400049529996e-01,3.973172823576769375e-01,1.164195969041454531e-04,4.385191622285037338e-01
1.530000000000008242e+01,1.134867600375013774e+00,2.976782451823838382e+00,-5.995555191072973189e-01,3.973231033375221322e-01,1.534570361595027107e-04,4.677630802555065026e-01
1.535000000000008313e+01,1.151268830010147903e+00,2.965572465759172882e+00,-5.884049778500178851e-01,3.973307761893301038e-01,1.896556677178628798e-04,4.442495398773955162e-01
1.540000000000008384e+01,1.167794353982076982e+00,2.954545842444610937e+00,-5.778981758388331835e-01,3.973402589727160206e-01,1.577436130775932603e-04,4.142261560692319655e-01
1.545000000000008455e+01,1.184435215373644823e+00,2.943693195963319464e+00,-5.681928094318049460e-01,3.973481461533698855e-01,1.063306473915395534e-04,3.848887949520650720e-01
1.550000000000008527e+01,1.201180952687906478e+00,2.933002351519097495e+00,-5.592504327938897513e-01,3.973534626857394558e-01,4.395369044629507843e-05,3.587115880217939257e-01
1.555000000000008598e+01,1.218021846073172654e+00,2.922461538184398577e+00,-5.509737232840916654e-01,3.973556603702617651e-01,-3.755031008435540606e-04,6.524184573509227425e-01
1.560000000000008669e+01,1.234949498505037324e+00,2.912060413955897875e+00,-5.341075749610898482e-01,3.973368852152195929e-01,-2.019885756159850844e-04,6.620065144721154482e-01
1.565000000000008740e+01,1.252049353891305783e+00,2.901946737737527204e+00,-5.169045423457200306e-01,3.973267857864388186e-01,1.401591002866180104e-04,5.879662912735830194e-01
1.570000000000008811e+01,1.269320217359144687e+00,2.892128962437912509e+00,-5.021898932262719439e-01,3.973337937414531673e-01,1.946345487108375974e-04,5.227265063181495419e-01
1.575000000000008882e+01,1.286733978149057211e+00,2.882566206858366176e+00,-4.894710656793396231e-01,3.973435254688887364e-01,1.177346640714123019e-04,4.732451518435813465e-01
1.580000000000008953e+01,1.304268383670418086e+00,2.873225472621027787e+00,-4.781676324582067039e-01,3.973494122020923003e-01,-1.303088104124630077e-04,7.854950299280312187e-01
1.585000000000009024e+01,1.321907510480333059e+00,2.864083394420361195e+00,-4.560926651136460452e-01,3.973428967615716956e-01,-1.196077890954966224e-04,7.856273630905910021e-01
1.590000000000009095e+01,1.339743841870499219e+00,2.855333038624316977e+00,-4.340180597380031702e-01,3.973369163721169328e-01,-1.233856849818075203e-04,7.286384450679228575e-01
1.595000000000009166e+01,1.357768701388786026e+00,2.846978638458758759e+00,-4.143174659031479967e-01,3.973307470878678638e-01,-1.600509607770432248e-04,6.260393656308826937e-01
1.600000000000009237e+01,1.375954356808234191e+00,2.838981061111924387e+00,-3.983565568109958543e-01,3.973227445398290203e-01,-1.452649939881634357e-04,5.508197094734875732e-01
1.605000000000009308e+01,1.394264970261347658e+00,2.831274904917535640e+00,-3.847982797775759689e-01,3.973154812901296129e-01,-3.585334392784739384e-05,7.855966443936904797e-01
1.610000000000009379e+01,1.412678043142349349e+00,2.823817846096462691e+00,-3.627251974836798731e-01,3.973136886229332032e-01,-4.035635465100549418e-05,7.858306157309167261e-01
1.615000000000009450e+01,1.431251133693951738e+00,2.816769035893323281e+00,-3.406522147824058155e-01,3.973116708052006341e-01,-4.578334969245220242e-06,7.857584601982583461e-01
1.620000000000009521e+01,1.449975180408961339e+00,2.810131906693948523e+00,-3.185793441821168637e-01,3.973114418884521881e-01,-1.075029787799728172e-04,6.904462913384659117e-01
1.625000000000009592e+01,1.468841143750869271e+00,2.803909657758034246e+00,-3.003452503460725675e-01,3.973060667395131862e-01,-9.610071607060450931e-05,6.032936237566910442e-01
1.630000000000009663e+01,1.487817164939019943e+00,2.798032507382476997e+00,-2.851376338486997231e-01,3.973012617037096628e-01,2.669117591608854948e-05,7.856405092433462745e-01
1.635000000000009734e+01,1.506880135314914160e+00,2.792444673112728371e+00,-2.630653415318269794e-01,3.973025962625054697e-01,1.362070653820327911e-05,7.857720222158024459e-01
1.640000000000009805e+01,1.526061853001714486e+00,2.787278911883614985e+00,-2.409929750727989040e-01,3.973032772978323801e-01,6.192017265088506069e-05,7.858134072866158615e-01
1.645000000000009877e+01,1.545352942698387189e+00,2.782537752353086535e+00,-2.189205707784748767e-01,3.973063733064648995e-01,-7.377223255805232167e-05,7.260588455943453035e-01
1.650000000000009948e+01,1.564744124761486388e+00,2.778223480239441212e+00,-1.993235464410346158e-01,3.973026846948369828e-01,-8.612720737914744803e-05,6.305187192210451874e-01
1.655000000000010019e+01,1.584215944121473374e+00,2.774290058195425956e+00,-1.832127127884983775e-01,3.972983783344680164e-01,1.106131008826848348e-04,7.857631334565678971e-01
1.660000000000010090e+01,1.603748392746048301e+00,2.770670879518386531e+00,-1.611405806588057099e-01,3.973039089895121778e-01,1.159276655729761713e-04,7.857848061748133883e-01
1.665000000000010161e+01,1.623356233118373737e+00,2.767483625813506265e+00,-1.390681412704994901e-01,3.973097053727908112e-01,6.710995985141812563e-05,7.858399701839506868e-01
1.670000000000010232e+01,1.643029929060558336e+00,2.764729866032224592e+00,-1.169953798609000006e-01,3.973130608707833855e-01,-1.745008550110128972e-05,7.747371541775245340e-01
1.675000000000010303e+01,1.662759777393196803e+00,2.762410975000425761e+00,-9.538812472448739144e-02,3.973121883665083343e-01,-8.138578361866378053e-05,6.884670310642393432e-01
1.680000000000010374e+01,1.682535077778182453e+00,2.760518904112470917e+00,-7.722737829517743735e-02,3.973081190773273819e-01,1.527022683439280271e-04,7.856655101882703551e-01
1.685000000000010445e+01,1.702341273852907122e+00,2.758986275402876664e+00,-5.515470501310369700e-02,3.973157541907445522e-01,1.391614119305110281e-04,7.856490077756359547e-01
1.690000000000010516e+01,1.722176852946424752e+00,2.757891139180661977e+00,-3.308160755806233144e-02,3.973227122613410822e-01,1.803201503930827070e-04,7.858277287787263088e-01
1.695000000000010587e+01,1.742032118873376501e+00,2.757234055345218149e+00,-1.100812354354338551e-02,3.973317282688607621e-01,8.866037917421590525e-05,7.739921371421706331e-01
1.700000000000010658e+01,1.761897501594583471e+00,2.757015365924405881e+00,1.056796587469086002e-02,3.973361612878194560e-01,6.283723592227225590e-06,7.048800966589505723e-01
1.705000000000010729e+01,1.781763200287836302e+00,2.757225313766122898e+00,2.934574525631154784e-02,3.973364754739990845e-01,1.200324562441954239e-04,6.774741026894497420e-01
1.710000000000010800e+01,1.801621470291641769e+00,2.757808236840985305e+00,4.710430647484002697e-02,3.973424770968113084e-01,1.468898122598000927e-04,6.385289188748621836e-01
1.715000000000010871e+01,1.821466557478496062e+00,2.758743717898903380e+00,6.348938032384709995e-02,3.973498215874243233e-01,1.002621543284147766e-04,5.931621908671471655e-01
1.720000000000010942e+01,1.841294020057547831e+00,2.760004245354056085e+00,7.837112880705190965e-02,3.973548346951407684e-01,9.398746644344805462e-05,5.819063465782248201e-01
1.725000000000011013e+01,1.861100778844235304e+00,2.761559709273595509e+00,9.289437068508031581e-02,3.973595340684629162e-01,1.113958205922630174e-04,5.677861691322514393e-01
1.730000000000011084e+01,1.880883093172730280e+00,2.763402679185555932e+00,1.069752386698744201e-01,3.973651038594925300e-01,1.377869347986741626e-04,4.644527843153138935e-01
1.735000000000011156e+01,1.900637773544654463e+00,2.765524039083423258e+00,1.180353858257558314e-01,3.973719932062324545e-01,1.072529625045180859e-04,4.168601122309654738e-01
1.740000000000011227e+01,1.920368125661141345e+00,2.767863795015390593e+00,1.278109960553376889e-01,3.973773558543576834e-01,4.204355097829025865e-05,3.916915423882637581e-01
1.745000000000011298e+01,1.940074928811297950e+00,2.770396346488801953e+00,1.369293415657013013e-01,3.973794580319066072e-01,7.421080531045938598e-05,3.908173198766635714e-01
1.750000000000011369e+01,1.959757924479379021e+00,2.773108497976943809e+00,1.460251510698417077e-01,3.973831685721721518e-01,6.017059950206344492e-05,2.608659528494657875e-01
1.755000000000011440e+01,1.979415620608423243e+00,2.775999594578461238e+00,1.519185419248572089e-01,3.973861771021472422e-01,7.000539702959469835e-05,2.167194504520152110e-01
1.760000000000011511e+01,1.999056085792683346e+00,2.779006513554009850e+00,1.567793991980563073e-01,3.973896773719987063e-01,1.052255500598967431e-04,2.121682984403002181e-01
1.765000000000011582e+01,2.018681875666182624e+00,2.782108893454313225e+00,1.615350563910226134e-01,3.973949386495017055e-01,3.324912518766056442e-05,2.017584800288404479e-01
1.770000000000011653e+01,2.038292949448484492e+00,2.785304613758989412e+00,1.660508190833400732e-01,3.973966011057610825e-01,-1.294833824464448577e-05,1.934742943888914657e-01
1.775000000000011724e+01,2.057889474189508849e+00,2.788588873873604435e+00,1.703763719970331214e-01,3.973959536888488353e-01,7.381006644653714214e-05,6.061167023110649449e-02
1.780000000000011795e+01,2.077471577502576050e+00,2.791957863315118971e+00,1.717161704657576560e-01,3.973996441921711642e-01,2.664200637765543303e-05,1.726530144420995727e-02
1.785000000000011866e+01,2.097049331285925966e+00,2.795353117327515680e+00,1.720973874928521663e-01,3.974009762924900491e-01,2.305782788209568152e-05,7.395059272301729610e-03
1.790000000000011937e+01,2.116625854939194529e+00,2.798755845872166859e+00,1.722606573454678880e-01,3.974021291838841785e-01,-3.558603031186761228e-06,5.040556362347729802e-03
1.795000000000012008e+01,2.136201879559969097e+00,2.802161780508436895e+00,1.723719431674384239e-01,3.974019512537326215e-01,-1.679165987100084736e-05,4.487837179718467268e-03
1.800000000000012079e+01,2.155777516262621152e+00,2.805569892131677179e+00,1.724710257910881672e-01,3.974011116707390490e-01,4.789869209304694952e-05,-1.385612690410784886e-01
1.805000000000012150e+01,2.175352773828207464e+00,2.808979936139283318e+00,1.693921631349970258e-01,3.974035066053436815e-01,2.235719163944678415e-04,-1.556895814690865132e-01
1.810000000000012221e+01,2.194938555686473780e+00,2.812329714737334729e+00,1.659268082768671493e-01,3.974146852011634090e-01,-1.670914798283339701e-05,-1.797404929778840810e-01
1.815000000000012292e+01,2.214536379346709882e+00,2.815611693990184961e+00,1.619150959863304984e-01,3.974138497437642581e-01,2.133001938633325670e-04,-1.545269055864852414e-01
1.820000000000012363e+01,2.234147170399776172e+00,2.818815019479949058e+00,1.584759487640482745e-01,3.974245147534574141e-01,1.303839247040891808e-04,-1.466317003796631102e-01
1.825000000000012434e+01,2.253769388731887702e+00,2.821950965915158704e+00,1.552150426403212657e-01,3.974310339496925915e-01,1.765021623297092839e-04,-3.397152832264938027e-01
1.830000000000012506e+01,2.273402050787611373e+00,2.825022959969767378e+00,1.474117808833276255e-01,3.974398590578090973e-01,-7.053331269787257562e-04,-3.522952109346579874e-01
1.835000000000012577e+01,2.293058522921434861e+00,2.827941728061264648e+00,1.392944754155870934e-01,3.974045924014601439e-01,-7.547612260689103968e-04,-3.438784011735886992e-01
1.840000000000012648e+01,2.312736293488443895e+00,2.830700599328030975e+00,1.313881861245380089e-01,3.973668543401566722e-01,-1.026289538735435710e-03,-3.310646377989914235e-01
1.845000000000012719e+01,2.332433390603030343e+00,2.833303560637582486e+00,1.238003590493131356e-01,3.973155398632198798e-01,-1.244993170097457615e-03,-3.160279965099542232e-01
1.850000000000012790e+01,2.352147125232624258e+00,2.835756673455199106e+00,1.165827476386230022e-01,3.972532902047150039e-01,2.235813224220284390e-03,-5.749514113819897965e-01
1.855000000000012861e+01,2.371874960487825312e+00,2.838067075495933622e+00,1.022821477672280488e-01,3.973650808659260347e-01,-1.773005692298690241e-04,-6.130300590298862762e-01
1.860000000000012932e+01,2.391639377865343530e+00,2.840095701744460577e+00,8.675315013900466998e-02,3.973562158374645548e-01,-3.251746145956725459e-04,-5.799546496755962899e-01
1.865000000000013003e+01,2.411432471880015083e+00,2.841817135736238509e+00,7.229151119676568982e-02,3.973399571067347535e-01,-3.686972852037578787e-04,-5.424748494609969995e-01
1.870000000000013074e+01,2.431247579252689306e+00,2.843252100402475335e+00,5.898506555088700587e-02,3.973215222424745785e-01,-3.647422780955126404e-04,-5.100884867557086144e-01
1.875000000000013145e+01,2.451079105980639827e+00,2.844423222826166775e+00,4.663554240798750694e-02,3.973032851285698275e-01,1.528949396655506551e-04,-7.886431821146608900e-01
1.880000000000013216e+01,2.470922672039147283e+00,2.845349309764054979e+00,2.456313767862251807e-02,3.973109298755531094e-01,9.853415207717824520e-05,-7.866889902948024371e-01
1.885000000000013287e+01,2.490782225918019233e+00,2.845837220850847782e+00,2.490308241091792468e-03,3.973158565831569899e-01,1.732759755504944686e-04,-7.764278685363068533e-01
1.890000000000013358e+01,2.510647957147009723e+00,2.845886692747311653e+00,-1.919030067639883666e-02,3.973245203819344984e-01,3.033828759148909557e-04,-6.674978041011261354e-01
1.895000000000013429e+01,2.530510525234280106e+00,2.845505477295924290e+00,-3.658846780664355702e-02,3.973396895257302330e-01,-4.118974178342560627e-04,-6.081826467925415258e-01
1.900000000000013500e+01,2.550364213069273855e+00,2.844778736949145959e+00,-5.195706333098192020e-02,3.973190946548385005e-01,-1.381243078079673683e-03,-5.659603287923185011e-01
1.905000000000013571e+01,2.570203359399426013e+00,2.843747024618040076e+00,-6.597986483099720079e-02,3.972500325009344913e-01,6.083625965957897928e-04,-7.852951463164545842e-01
1.910000000000013642e+01,2.590022642569747013e+00,2.842437450099499774e+00,-8.804476448954595691e-02,3.972804506307642813e-01,8.701739758391509316e-04,-7.824308790744759490e-01
1.915000000000013713e+01,2.609809723059355768e+00,2.840690785612198344e+00,-1.099853050939614413e-01,3.973239593295562200e-01,1.035124888153452806e-03,-7.836654679766466014e-01
1.920000000000013785e+01,2.629555883717008768e+00,2.838510198323083600e+00,-1.319824971349928266e-01,3.973757155739638947e-01,7.995392558138804309e-04,-7.693977007489540831e-01
1.925000000000013856e+01,2.649251869592917252e+00,2.835895472965456410e+00,-1.533635269913325438e-01,3.974156925367545723e-01,2.114888672119606162e-03,-7.854988196770353870e-01
1.930000000000013927e+01,2.668889427771580891e+00,2.832859951516715213e+00,-1.754421765767077979e-01,3.975214369703605755e-01,2.335630898558207439e-03,-7.838606033047252897e-01
1.935000000000013998e+01,2.688460391106633818e+00,2.829390711504051747e+00,-1.974588924924452760e-01,3.976382185152884663e-01,2.620475213818564131e-03,-7.897914836184211085e-01
1.940000000000014069e+01,2.707955961772817499e+00,2.825490313260299313e+00,-2.195499046321835179e-01,3.977692422759793733e-01,2.704507039037987344e-03,-7.884630276151132211e-01
1.945000000000014140e+01,2.727367012781848121e+00,2.821158798054643757e+00,-2.416481958697379306e-01,3.979044676279312465e-01,-4.679307090876298411e-04,-7.853939403565814992e-01
1.950000000000014211e+01,2.746684177964948681e+00,2.816397806279342664e+00,-2.637538129202083859e-01,3.978810710924768901e-01,-2.557376354896892133e-04,-7.853021494447769424e-01
1.955000000000014282e+01,2.765890258131926682e+00,2.811211299607810243e+00,-2.858540725956948414e-01,3.978682842107024165e-01,-8.845891348747037149e-05,-7.853286794868505893e-01
1.960000000000014353e+01,2.784976420944779374e+00,2.805601814958289975e+00,-3.079547946603389819e-01,3.978638612650280404e-01,7.366883048221141558e-05,-7.853539128507913691e-01
1.965000000000014424e+01,2.803933748393786729e+00,2.799571983597222591e+00,-3.300563864068027375e-01,3.978675447065521675e-01,1.903599842603983345e-04,-7.855419694775872541e-01
1.970000000000014495e+01,2.822753362100002494e+00,2.793124612212242397e+00,-3.521601388905000740e-01,3.978770627057651721e-01,2.817962897004148721e-04,-7.858198367829192232e-01
1.975000000000014566e+01,2.841426325785716411e+00,2.786262701417104193e+00,-3.742644201519314540e-01,3.978911525202502020e-01,2.943799960887038105e-04,-7.862880915992002118e-01
1.980000000000014637e+01,2.859943718327843776e+00,2.778989490532254969e+00,-3.963694841808342306e-01,3.979058715200546326e-01,2.571687135477032388e-04,-7.868290763158015677e-01
1.985000000000014708e+01,2.878296504133277534e+00,2.771308477600668230e+00,-4.184753659319483954e-01,3.979187299557320201e-01,1.320091895969021051e-04,-7.871735311286121028e-01
1.990000000000014779e+01,2.896475611602174816e+00,2.763223408599216224e+00,-4.405819620406001835e-01,3.979253304152118864e-01,3.018167319649675854e-06,-7.878816696835202471e-01
1.995000000000014850e+01,2.914471856882172585e+00,2.754738328912655021e+00,-4.626889248414453037e-01,3.979254813235778565e-01,-2.818921626913607130e-04,-7.880851014285141787e-01
2.000000000000014921e+01,2.932276147488111384e+00,2.745857509258153861e+00,-4.847958960260885242e-01,3.979113867154432937e-01,-5.624930247980426982e-04,-7.882313729622899556e-01
2.005000000000014992e+01,2.949879152073569433e+00,2.736585621167863636e+00,-5.069020841769464880e-01,3.978832620642033802e-01,-8.071494522788317432e-04,-7.882535262021107547e-01
2.010000000000015064e+01,2.967271676873096009e+00,2.726927577542212155e+00,-5.290067098471800122e-01,3.978429045915894413e-01,-9.597310847367678584e-04,-7.886905955156604531e-01
2.015000000000015135e+01,2.984444740623936720e+00,2.716888487780473760e+00,-5.511090934356016602e-01,3.977949180373526183e-01,-1.137894466659645793e-03,-7.882869175220109659e-01
2.020000000000015206e+01,3.001389696051983691e+00,2.706473571670280354e+00,-5.732088111043435186e-01,3.977380233140196397e-01,-1.230813250319531468e-03,-7.878786072682051334e-01
2.025000000000015277e+01,3.018097975692815904e+00,2.695688293304929317e+00,-5.953053679551223443e-01,3.976764826515036821e-01,-1.227743140465446456e-03,-7.872956864046025682e-01
2.030000000000015348e+01,3.034561330688273717e+00,2.684538207904865637e+00,-6.173985058802058390e-01,3.976150954944804305e-01,-1.144301630140303564e-03,-7.864100623021692549e-01
2.035000000000015419e+01,3.050771844859532678e+00,2.673028922926374396e+00,-6.394882334076770203e-01,3.975578804129734078e-01,-9.808412476714765179e-04,-7.859999971027971100e-01
2.040000000000015490e+01,3.066721892415918749e+00,2.661166096381020196e+00,-6.615747823195088362e-01,3.975088383505898104e-01,-7.741180141019236936e-04,-7.851630011495386308e-01
2.045000000000015561e+01,3.082404127419413609e+00,2.648955416763887794e+00,-6.836482225505269295e-01,3.974701324498847166e-01,-5.476207492612935983e-04,-7.844057753061115523e-01
2.050000000000015632e+01,3.097811531894602677e+00,2.636402801386515282e+00,-7.056861128309356301e-01,3.974427514124216354e-01,-3.313624270369925490e-04,-7.839834816344093404e-01
2.055000000000015703e+01,3.112937542229154531e+00,2.623514602793045380e+00,-7.277038811207308111e-01,3.974261832910697678e-01,-1.453982185914671989e-04,-7.837054814965260796e-01
2.060000000000015774e+01,3.127775521285165894e+00,2.610297064994853589e+00,-7.497084935282865015e-01,3.974189133801401819e-01,-2.076515953154935644e-05,-7.837256810360366810e-01
2.065000000000015845e+01,3.142318818826201454e+00,2.596756497118521967e+00,-7.717135923896909500e-01,3.974178751221635886e-01,4.134700462336143596e-05,-7.838949883822615705e-01
2.070000000000015916e+01,3.156560620704254028e+00,2.582899242775296589e+00,-7.937260862923434246e-01,3.974199424723947605e-01,9.822327232030980855e-04,-7.825097047838589503e-01
2.075000000000015987e+01,3.170494036677110383e+00,2.568731799603917398e+00,-8.156777910931827247e-01,3.974690541085549311e-01,1.088747048022552016e-03,-7.811371675008166315e-01
2.080000000000016058e+01,3.184114804126780829e+00,2.554260143979322439e+00,-8.375720231760725998e-01,3.975234914609560577e-01,1.041330088447527547e-03,-7.801117062592732854e-01
2.085000000000016129e+01,3.197417308286452542e+00,2.539491741941858116e+00,-8.594243883406142981e-01,3.975755579653784122e-01,8.603837913382125606e-04,-7.798497622661804130e-01
2.090000000000016200e+01,3.210395637239937816e+00,2.524434225934766296e+00,-8.812681683019882861e-01,3.976185771549453074e-01,6.352307399586914084e-04,-7.809306206851647225e-01
2.095000000000016271e+01,3.223043351479606411e+00,2.509095169354960131e+00,-9.031615904836534092e-01,3.976503386919432170e-01,3.094308334555724311e-04,-7.822923066025448957e-01
2.100000000000016342e+01,3.235353220289215681e+00,2.493481662076172611e+00,-9.251164731935428431e-01,3.976658102336159684e-01,-2.352147280848602799e-06,-7.843277057515232187e-01
2.105000000000016414e+01,3.247317822746222493e+00,2.477601059769657610e+00,-9.471617704976917906e-01,3.976656926262518987e-01,-2.586819166826759189e-04,-7.862021073594851472e-01
2.110000000000016485e+01,3.258929450274930417e+00,2.461460579173828211e+00,-9.692543089769279918e-01,3.976527585304177603e-01,-4.129437722471898404e-04,-7.877735254382228769e-01
2.115000000000016556e+01,3.270181323053819256e+00,2.445068061066934639e+00,-9.913461288952845063e-01,3.976321113418054276e-01,-4.105943787958709918e-04,-7.871907885259041837e-01
2.120000000000016627e+01,3.281067773829978496e+00,2.428431852682100711e+00,-1.013436801747606975e+00,3.976115816228656397e-01,-4.922817335933392987e-04,-7.262027250775253684e-01
2.125000000000016698e+01,3.291583550327750629e+00,2.411560105017721334e+00,-1.033054564654671825e+00,3.975869675361859978e-01,-4.561264309010866253e-04,-6.869516368792072392e-01
2.130000000000016769e+01,3.301765708277733413e+00,2.394486378085145972e+00,-1.051171809903638676e+00,3.975641612146409432e-01,-3.610995531479809905e-03,-6.624594640768297626e-01
2.135000000000016840e+01,3.311636317000126617e+00,2.377231980409331147e+00,-1.068400768611955653e+00,3.973836114380669415e-01,-5.279623820914934769e-03,-6.366322717951841126e-01
2.140000000000016911e+01,3.321203853204720335e+00,2.359818003621340310e+00,-1.084722688522752332e+00,3.971196302470211825e-01,-5.058199557896622331e-03,-6.054720714672514603e-01
2.145000000000016982e+01,3.330479732057840092e+00,2.342261863005559164e+00,-1.099994151428847378e+00,3.968667202691263385e-01,-4.687995566721208512e-03,-5.706472441633188009e-01
2.150000000000017053e+01,3.339480695738749283e+00,2.324577388544668999e+00,-1.114146464737304498e+00,3.966323204907902800e-01,-4.104483300788555437e-03,-5.355134817505509126e-01
2.155000000000017124e+01,3.348225322317993413e+00,2.306777823939478722e+00,-1.127220949960345608e+00,3.964270963257508495e-01,-1.042208551425732356e-02,-5.629006862983536585e-01
2.160000000000017195e+01,3.356732084162214136e+00,2.288874720586180800e+00,-1.141117872617807949e+00,3.959059920500379581e-01,-9.366198282127098651e-03,-5.428639883414716483e-01
2.165000000000017266e+01,3.364978380511169931e+00,2.270878818750540429e+00,-1.154387968290499833e+00,3.954376821359316119e-01,-8.422841155762738133e-03,-5.201003958240386638e-01
2.170000000000017337e+01,3.372975679411990058e+00,2.252796490044769673e+00,-1.166969370578628595e+00,3.950165400781434633e-01,-6.230283796761658041e-03,-4.871904682206329995e-01
2.175000000000017408e+01,3.380736576133111182e+00,2.234634341234059907e+00,-1.178595687991298657e+00,3.947050258883053608e-01,-3.480802527099686669e-03,-4.429442229457642433e-01
2.180000000000017479e+01,3.388279840792563391e+00,2.216397584342244542e+00,-1.188997969966225865e+00,3.945309857619503924e-01,-2.733842398379841918e-03,-4.180318138745788836e-01
2.185000000000017550e+01,3.395629754590612670e+00,2.198091423795123234e+00,-1.198734423077902678e+00,3.943942936420313794e-01,-4.942670959000154164e-03,-4.820131939311761426e-01
2.190000000000017621e+01,3.402798601120835986e+00,2.179720936959723243e+00,-1.210197545230635052e+00,3.941471600940813502e-01,-1.958444192477218349e-03,-4.642553921858624255e-01
2.195000000000017693e+01,3.409752038265961627e+00,2.161281043484045039e+00,-1.221162718349015686e+00,3.940492378844575039e-01,1.254673506984708108e-03,-4.322893082412050392e-01
2.200000000000017764e+01,3.416501187639224391e+00,2.142770614330978596e+00,-1.231263399241912637e+00,3.941119715598067619e-01,4.345965339521237758e-03,-3.932402300862159472e-01
2.205000000000017835e+01,3.423064072631992083e+00,2.124190001965165830e+00,-1.240346535057899491e+00,3.943292698267828467e-01,7.086990236266167698e-03,-3.536265243835110539e-01
2.210000000000017906e+01,3.429461444313942842e+00,2.105540268236013368e+00,-1.248433433240204726e+00,3.946836193385961367e-01,9.449004388940002164e-03,-3.157609436800429270e-01
2.215000000000017977e+01,3.435713403004733379e+00,2.086822605161682276e+00,-1.255596752179649833e+00,3.951560695580431104e-01,1.140944602121795118e-02,-2.811741013520752674e-01
2.220000000000018048e+01,3.441838444974007150e+00,2.068038179188391723e+00,-1.261937381259170987e+00,3.957265418591039974e-01,1.919183735678488267e-02,-3.917044359266258491e-01
2.225000000000018119e+01,3.447852929913757247e+00,2.049188120548193215e+00,-1.271018178494982998e+00,3.966861337269432242e-01,2.315701791031567897e-02,-3.820703922426580412e-01
2.230000000000018190e+01,3.453710164437537422e+00,2.030238383730455620e+00,-1.279873433795908566e+00,3.978439846224590126e-01,2.553492871295931499e-02,-3.511946312711491935e-01
2.235000000000018261e+01,3.459415972441954423e+00,2.011182063380833718e+00,-1.287971391108532870e+00,3.991207310581069700e-01,2.678042380646942014e-02,-3.074599446364744137e-01
2.240000000000018332e+01,3.464985092827682411e+00,1.992018861846899913e+00,-1.295012082277944954e+00,4.004597522484304450e-01,2.729645402614454958e-02,-2.628661185921690180e-01
2.245000000000018403e+01,3.470437384993154240e+00,1.972752504041919819e+00,-1.300998796243826083e+00,4.018245749497376673e-01,2.727989724397646143e-02,-2.202799138764089670e-01
2.250000000000018474e+01,3.475792426706909133e+00,1.953388077873613460e+00,-1.305997345528345788e+00,4.031885698119365147e-01,2.615256238331313196e-02,-1.794459738246086400e-01
2.255000000000018545e+01,3.481068456799705668e+00,1.933931303641295507e+00,-1.310060527957144894e+00,4.044961979311021971e-01,4.229316830900929636e-02,-3.065652924516710787e-01
2.260000000000018616e+01,3.486282241908767787e+00,1.914390081054458292e+00,-1.317173919677320892e+00,4.066108563465526404e-01,4.963709670241505528e-02,-3.014289038184040370e-01
2.265000000000018687e+01,3.491383421581744972e+00,1.894709914967984465e+00,-1.324197050961163136e+00,4.090927111816733963e-01,5.144109353878768831e-02,-2.766865111114582554e-01
2.270000000000018758e+01,3.496376552167937746e+00,1.874874069566183188e+00,-1.330650948813636214e+00,4.116647658586127800e-01,5.011041516655332512e-02,-2.351928653927261303e-01
2.275000000000018829e+01,3.501272148501660464e+00,1.854881500067471656e+00,-1.336131296255840706e+00,4.141702866169404418e-01,4.613487487626313083e-02,-1.869981629358201114e-01
2.280000000000018900e+01,3.506087234474024594e+00,1.834740558856355452e+00,-1.340484887685872373e+00,4.164770303607536195e-01,4.426454281030449411e-02,-1.527767291831548802e-01
2.285000000000018971e+01,3.510840918922043752e+00,1.814466553918653968e+00,-1.344047538002493214e+00,4.186902575012688699e-01,4.212217092287903752e-02,-1.184873495098329593e-01
2.290000000000019043e+01,3.515547222025120266e+00,1.794067913267420211e+00,-1.346816591899982374e+00,4.207963660474128287e-01,5.400657707088646342e-02,-1.550133098087012051e-01
2.295000000000019114e+01,3.520220411789073189e+00,1.773553643803779556e+00,-1.350469734907024488e+00,4.234966949009571491e-01,5.704301853221138696e-02,-1.351058217304656195e-01
2.300000000000019185e+01,3.524848136595083226e+00,1.752890686861465541e+00,-1.353667933096593723e+00,4.263488458275677129e-01,5.295045856986737437e-02,-9.969328554205696136e-02
2.305000000000019256e+01,3.529440475035901859e+00,1.732073776103833174e+00,-1.356037127091284544e+00,4.289963687560610639e-01,4.727078932761763497e-02,-6.796714918633291191e-02
2.310000000000019327e+01,3.534011692301608054e+00,1.711116708472019132e+00,-1.357659496067732841e+00,4.313599082224419679e-01,4.095302833088959593e-02,-3.345904417342294990e-02
2.315000000000019398e+01,3.538573901065382277e+00,1.690036749334252075e+00,-1.358461622653680312e+00,4.334075596389864726e-01,3.583287612273125533e-02,-3.200280531274453909e-03
2.320000000000019469e+01,3.543140775951392207e+00,1.668853054291694171e+00,-1.358538679904260915e+00,4.351992034451230285e-01,4.264524964947324220e-02,-2.392331937932682534e-02
2.325000000000019540e+01,3.547724890515024931e+00,1.647581435632888169e+00,-1.359117201917030116e+00,4.373314659275966965e-01,3.788133777302153671e-02,-1.252393336433856377e-02
2.330000000000019611e+01,3.552319097826257988e+00,1.626202935056202170e+00,-1.359421501723416359e+00,4.392255328162477657e-01,3.133981538139510303e-02,5.901574393237671301e-03
2.335000000000019682e+01,3.556926668622440779e+00,1.604730441883483349e+00,-1.359277493265024450e+00,4.407925235853175083e-01,2.260199574279763909e-02,2.116668057408146661e-02
2.340000000000019753e+01,3.561553780695118299e+00,1.583182009086904873e+00,-1.358759076143843503e+00,4.419226233724574127e-01,1.696174605916820829e-02,4.010091945160238619e-02
2.345000000000019824e+01,3.566203954807768639e+00,1.561580738445041527e+00,-1.357774020096151446e+00,4.427707106754158461e-01,1.108222958090925025e-02,6.095703936055351518e-02
2.350000000000019895e+01,3.570884370035757094e+00,1.539942613090158119e+00,-1.356272716160089375e+00,4.433248221544612844e-01,2.146471945836912754e-02,3.217089073910002484e-02
2.355000000000019966e+01,3.575603163397203410e+00,1.518284468339102355e+00,-1.355480100785873665e+00,4.443980581273797581e-01,1.462721376926625662e-02,2.350080996085684298e-02
2.360000000000020037e+01,3.580350587037823384e+00,1.496577647891488505e+00,-1.354899787597977578e+00,4.451294188158430587e-01,8.543475400585365254e-03,7.456746266098246423e-02
2.365000000000020108e+01,3.585118440355347325e+00,1.474837866993767843e+00,-1.353052352709032347e+00,4.455565925858723242e-01,2.717800527246170585e-03,7.764563447699052157e-02
2.370000000000020179e+01,3.589931062405721018e+00,1.453086077136561016e+00,-1.351126507371514629e+00,4.456924826122346528e-01,-2.685511853059456208e-03,1.063743017219170306e-01
2.375000000000020250e+01,3.594787046660603114e+00,1.431336964751018126e+00,-1.348482626089173797e+00,4.455582070195816535e-01,-7.398563192933731852e-03,1.301283747472005703e-01
2.380000000000020322e+01,3.599699035646781287e+00,1.409607315563653707e+00,-1.345243222642004133e+00,4.451882788599349494e-01,6.218458512939162124e-03,1.048084459665267476e-01
2.385000000000020393e+01,3.604677253199561449e+00,1.387911720179270558e+00,-1.342641495182353317e+00,4.454992017855818887e-01,1.045211154829350612e-03,1.249558394576761877e-01
2.390000000000020464e+01,3.609715416102234897e+00,1.366214006900099864e+00,-1.339532646346790701e+00,4.455514623433233790e-01,-4.726960341968672666e-03,1.591573065881121407e-01
2.395000000000020535e+01,3.614821608386386220e+00,1.344529517873425561e+00,-1.335559442712428657e+00,4.453151143262249478e-01,-8.868148090066660036e-03,1.667730129510204828e-01
2.400000000000020606e+01,3.620011162709224184e+00,1.322876979834000322e+00,-1.331394841508576343e+00,4.448717069217216213e-01,-1.355021259794770248e-02,2.007591557017988082e-01
2.405000000000020677e+01,3.625285588888566668e+00,1.301267779998576568e+00,-1.326365307161887719e+00,4.441941962918242170e-01,-1.722328529078579265e-02,2.062209431928012093e-01
2.410000000000020748e+01,3.630660434086932842e+00,1.279718249861194090e+00,-1.321202910171041189e+00,4.433330320272849123e-01,-2.115793046836907110e-02,2.344127017594038187e-01
2.415000000000020819e+01,3.636135818591091695e+00,1.258238477801232991e+00,-1.315321288995069615e+00,4.422751355038664345e-01,-4.329640444330477844e-03,2.148807709021925416e-01
2.420000000000020890e+01,3.641724076753007910e+00,1.236842459259733573e+00,-1.309958695568703257e+00,4.420586534816499102e-01,-8.310364245621502943e-03,2.313834361601548872e-01
2.425000000000020961e+01,3.647424200734872723e+00,1.215487173745688265e+00,-1.304172562431684224e+00,4.416431352693688250e-01,-1.454004837233472888e-02,2.565332075531843170e-01
2.430000000000021032e+01,3.653242319180578512e+00,1.194185269016811768e+00,-1.297736526006403324e+00,4.409161328507520961e-01,-1.942904727238507073e-02,2.778928468453945588e-01
2.435000000000021103e+01,3.659187613145263196e+00,1.172956254197615733e+00,-1.290748634450977983e+00,4.399446804871328665e-01,-2.391073626736924668e-02,2.960667643968244445e-01
2.440000000000021174e+01,3.665267681256691112e+00,1.151815982759369916e+00,-1.283293237505881423e+00,4.387491436737643857e-01,-2.673945748329191116e-02,3.070871327188406941e-01
2.445000000000021245e+01,3.671488237807459587e+00,1.130778951032321400e+00,-1.275563483444661195e+00,4.374121707995997643e-01,-1.091379206808418961e-02,3.150238449916504258e-01
2.450000000000021316e+01,3.677851767527952287e+00,1.109854587065752352e+00,-1.267644480656536565e+00,4.368664811961955330e-01,-1.564544716446127429e-02,3.297138905017301114e-01
2.455000000000021387e+01,3.684372650853214193e+00,1.089007311784790932e+00,-1.259339036700955594e+00,4.360842088379724424e-01,-1.941126776927147579e-02,3.498520797872116672e-01
2.460000000000021458e+01,3.691054466941904977e+00,1.068252145518255869e+00,-1.250499588615443525e+00,4.351136454495088679e-01,-2.348117300004401789e-02,3.597024707416190403e-01
2.465000000000021529e+01,3.697904204805352091e+00,1.047602913030268423e+00,-1.241409020126541085e+00,4.339395867995066713e-01,-2.620933271253130317e-02,3.740098751654409304e-01
2.470000000000021600e+01,3.704922382075487075e+00,1.027072348004330227e+00,-1.231947124512363212e+00,4.326291201638801098e-01,-2.916987121434711644e-02,3.834406938298111633e-01
2.475000000000021672e+01,3.712112720269397759e+00,1.006670903798303485e+00,-1.222251237348805919e+00,4.311706266031627433e-01,-1.398664315212957976e-02,4.193452257226684687e-01
2.480000000000021743e+01,3.719475621465556436e+00,9.864086739336263010e-01,-1.211572879461148444e+00,4.304712944455562629e-01,-1.848856572662549089e-02,4.236702979068815433e-01
2.485000000000021814e+01,3.727042173691410554e+00,9.662589561746226519e-01,-1.200787611350302875e+00,4.295468661592249937e-01,-2.121639525949043509e-02,4.289511899333152134e-01
2.490000000000021885e+01,3.734808886986201060e+00,9.462351093872405361e-01,-1.189873488328529794e+00,4.284860463962504862e-01,-2.505941756645137242e-02,4.316586999620602438e-01
2.495000000000021956e+01,3.742773956659730672e+00,9.263464594836764432e-01,-1.178908289178077995e+00,4.272330755179279405e-01,-2.703668295803676389e-02,4.365951497292956396e-01
2.500000000000022027e+01,3.750932698523507636e+00,9.066042411878131313e-01,-1.167832801319987013e+00,4.258812413700260868e-01,-2.832418710688986915e-02,4.359966071886133276e-01
2.505000000000022098e+01,3.759283084387027074e+00,8.870157717400100061e-01,-1.156809598388438998e+00,4.244650320146816092e-01,-1.471700651652370698e-02,4.984455953956172247e-01
2.510000000000022169e+01,3.767820401831627475e+00,8.675853672316580223e-01,-1.143974580191278179e+00,4.237291816888554274e-01,-1.806131650988117981e-02,5.079333386496387437e-01
2.515000000000022240e+01,3.776591167467344246e+00,8.482996284928879804e-01,-1.130870789101302343e+00,4.228261158633613848e-01,-2.078948770672960772e-02,5.104446644761202467e-01
2.520000000000022311e+01,3.785594659635156400e+00,8.291713264400556449e-01,-1.117717545930795753e+00,4.217866414780249151e-01,-2.187952990963301994e-02,5.006349173175016487e-01
2.525000000000022382e+01,3.794826214175759826e+00,8.102098305052106708e-01,-1.104896938341556112e+00,4.206926649825432629e-01,-2.299839437580559337e-02,4.944232450237160958e-01
2.530000000000022453e+01,3.804275529117623567e+00,7.914171126854072646e-01,-1.092297583533342831e+00,4.195427452637529586e-01,-1.416000614960914034e-02,6.254300999964202967e-01
2.535000000000022524e+01,3.813934390057791557e+00,7.727959770299991371e-01,-1.075466026725918400e+00,4.188347449562724867e-01,-1.783442327158171054e-02,6.181332207324761185e-01
2.540000000000022595e+01,3.823888464334289417e+00,7.543711903486172154e-01,-1.058919854465163901e+00,4.179430237926933800e-01,-1.859049002978399590e-02,6.005061822714393704e-01
2.545000000000022666e+01,3.834124182954916193e+00,7.361524913785534308e-01,-1.043017583000360293e+00,4.170134992912041816e-01,-1.948265795778027915e-02,5.705794391524545706e-01
2.550000000000022737e+01,3.844624907722177465e+00,7.181390123742088516e-01,-1.028149051200975661e+00,4.160393663933151798e-01,-2.089577494375915306e-02,5.220236842184309278e-01
2.555000000000022808e+01,3.855367143569046640e+00,7.003253587629302279e-01,-1.014853078982471013e+00,4.149945776461272384e-01,-2.107921885520647187e-02,5.008840635253877238e-01
2.560000000000022879e+01,3.866317703685421492e+00,6.827004763001481846e-01,-1.002231458015505394e+00,4.139406167033669037e-01,-1.400871312420895812e-02,6.310605380827618571e-01
2.565000000000022951e+01,3.877461466397794432e+00,6.652596151401527491e-01,-9.854268415179817664e-01,4.132401810471564296e-01,-1.604389117237823778e-02,6.067637191297345911e-01
2.570000000000023022e+01,3.888877379070211582e+00,6.480376653104887863e-01,-9.694915527917102871e-01,4.124379864885375224e-01,-1.614605255051675819e-02,5.628885142813073728e-01
2.575000000000023093e+01,3.900543576630806086e+00,6.310328846231649802e-01,-9.550337514249841453e-01,4.116306838610117036e-01,-1.703496252554346710e-02,5.135991949365412701e-01
2.580000000000023164e+01,3.912431083966864342e+00,6.142314942320433735e-01,-9.421338498059891320e-01,4.107789357347345072e-01,-1.667502589963789153e-02,4.823002427684854321e-01
2.585000000000023235e+01,3.924509288405559460e+00,5.976192905057013949e-01,-9.301861608571597717e-01,4.099451844397525857e-01,-1.402275814321801879e-02,5.931452671691544998e-01
2.590000000000023306e+01,3.936760187488670404e+00,5.811859978572760932e-01,-9.148332450053022757e-01,4.092440465325916654e-01,-1.474300305361343592e-02,5.553306342437877019e-01
2.595000000000023377e+01,3.949240549808345602e+00,5.649705027854147188e-01,-9.007265176570107279e-01,4.085068963799109998e-01,-1.434036702912305609e-02,5.076023007453575042e-01
2.600000000000023448e+01,3.961925520322701288e+00,5.489615604710454955e-01,-8.881033134727716050e-01,4.077898780284548441e-01,-1.368870914158505474e-02,4.608946895848745617e-01
2.605000000000023519e+01,3.974788941188802216e+00,5.331418302212052041e-01,-8.768536691104469316e-01,4.071054425713755975e-01,-1.272806375116745589e-02,4.147725278939885518e-01
2.610000000000023590e+01,3.987807623365651200e+00,5.174941141640201359e-01,-8.668950304237019733e-01,4.064690393838172322e-01,-1.159308185870151428e-02,4.032903150460284691e-01
2.615000000000023661e+01,4.000960893461408041e+00,5.020010774787195817e-01,-8.572599729652042866e-01,4.058893852908821431e-01,-1.091408814890706958e-02,4.771306857725109429e-01
2.620000000000023732e+01,4.014243857499153023e+00,4.866574029155159575e-01,-8.456026207125482141e-01,4.053436808834368077e-01,-1.074013217276587398e-02,4.496751573414036751e-01
2.625000000000023803e+01,4.027686683826191327e+00,4.714900310462232236e-01,-8.347336792640704939e-01,4.048066742747984947e-01,-1.010530455933982344e-02,4.155089845634942769e-01
2.630000000000023874e+01,4.041275539522594329e+00,4.564895607300668012e-01,-8.248114933099860435e-01,4.043014090468314836e-01,-9.542941058701660817e-03,3.760505789721877434e-01
2.635000000000023945e+01,4.054995415268493275e+00,4.416432115859090790e-01,-8.159429074975401708e-01,4.038242619938964273e-01,-9.621865499582523198e-03,3.273915660911864145e-01
2.640000000000024016e+01,4.068830069240326530e+00,4.269364976117775434e-01,-8.083237981350956947e-01,4.033431687189172887e-01,-1.034553177895854506e-02,3.675351151589520970e-01
2.645000000000024087e+01,4.082759757802315370e+00,4.123530118848825476e-01,-7.996960599211903054e-01,4.028258921299693873e-01,-9.683067457590109964e-03,3.395266503917993006e-01
2.650000000000024158e+01,4.096796723713632460e+00,3.979087972495936598e-01,-7.917916225619253678e-01,4.023417387570898951e-01,-9.156035342332304733e-03,3.057670116433184315e-01
2.655000000000024230e+01,4.110930415694256546e+00,3.835932135080188377e-01,-7.847357451340196688e-01,4.018839369899732672e-01,-8.821518993629217514e-03,2.601321129682230837e-01
2.660000000000024301e+01,4.125148567561730317e+00,3.693938859007035447e-01,-7.787931541382122624e-01,4.014428610402918096e-01,-7.968155072887535620e-03,2.319175302924224302e-01
2.665000000000024372e+01,4.139435151627091081e+00,3.552947922261470715e-01,-7.735260692761748436e-01,4.010444532866474510e-01,-8.256944005949527765e-03,2.276165506406341021e-01
2.670000000000024443e+01,4.153781546228842991e+00,3.412850600477363439e-01,-7.683652812572240309e-01,4.006316060863499562e-01,-7.232439160953440041e-03,1.861915858629693554e-01
2.675000000000024514e+01,4.168185207877638909e+00,3.273638984368888449e-01,-7.641725950832997105e-01,4.002699841283022808e-01,-5.562825383567442106e-03,1.812769692451522974e-01
2.680000000000024585e+01,4.182634056078013529e+00,3.135157600721948379e-01,-7.600967550242297976e-01,3.999918428591239250e-01,-4.196412581272188427e-03,1.733580273194500476e-01
2.685000000000024656e+01,4.197129147490470835e+00,2.997362096140303023e-01,-7.562053720667744061e-01,3.997820222300603188e-01,-2.848483157413300888e-03,1.689864526319198312e-01
2.690000000000024727e+01,4.211670118878736879e+00,2.860203678851566123e-01,-7.524160250496323421e-01,3.996395980721896279e-01,-1.751200328833331507e-03,5.447516109818099223e-02
2.695000000000024798e+01,4.226257761062940155e+00,2.723645919506331170e-01,-7.512053588286489170e-01,3.995520380557479601e-01,-6.639110841559995452e-04,4.311954892994296351e-02
2.700000000000024869e+01,4.240858725404011764e+00,2.587294748592028903e-01,-7.502476260937285257e-01,3.995188425015401834e-01,-1.138169367931746585e-04,4.069544636712589536e-02
2.705000000000024940e+01,4.255471527684006716e+00,2.451094795100773882e-01,-7.493438717064988541e-01,3.995131516547005268e-01,-1.703322594314315595e-03,4.833957337701625528e-02
2.710000000000025011e+01,4.270096424801534951e+00,2.315028899239832127e-01,-7.482701299386110838e-01,3.994279855249848188e-01,5.127668778668546248e-05,4.447248004531244303e-02
2.715000000000025082e+01,4.284732802677176267e+00,2.179149087739814250e-01,-7.472826147544333608e-01,3.994305493593741652e-01,-2.324613295447152100e-03,-8.583910414309275927e-02
2.720000000000025153e+01,4.299382685785301916e+00,2.043413007671882886e-01,-7.491921270751973339e-01,3.993143186946018219e-01,-3.124031396024820779e-03,-1.090959566068970404e-01
2.725000000000025224e+01,4.314002367795911397e+00,1.907437013211463195e-01,-7.516219734394795626e-01,3.991581171248005933e-01,-3.220765908085484411e-03,-1.098945195039809780e-01
2.730000000000025295e+01,4.328583260697894453e+00,1.771159513840715460e-01,-7.540687918225670305e-01,3.989970788293963344e-01,-2.982801797323506900e-03,-1.058901736248715891e-01
2.735000000000025366e+01,4.343124896240631472e+00,1.634580779028816377e-01,-7.564248192417111216e-01,3.988479387395301723e-01,-2.689181390232886926e-03,-1.005935176051041824e-01
2.740000000000025437e+01,4.357628889691870455e+00,1.497710998011114181e-01,-7.586613413411988915e-01,3.987134796700185224e-01,-2.479184024737091877e-03,-2.867071079289040814e-01
2.745000000000025508e+01,4.372097356430407977e+00,1.360563425151708195e-01,-7.651920503810009100e-01,3.985895204687816551e-01,-2.248014066319853690e-03,-3.049396617771936158e-01
2.750000000000025580e+01,4.386471477901498162e+00,1.222516821968878953e-01,-7.721619840202356144e-01,3.984771197654656816e-01,-2.051652576839054984e-03,-2.868900170131324923e-01
2.755000000000025651e+01,4.400745007224033500e+00,1.083510923489652000e-01,-7.786932229962140184e-01,3.983745371366237409e-01,-1.910531958902343414e-03,-2.657609050846603260e-01
2.760000000000025722e+01,4.414923793605657565e+00,9.436117825554345140e-02,-7.847175239247590195e-01,3.982790105386786461e-01,-1.756240160751122107e-03,-2.458011497863094030e-01
2.765000000000025793e+01,4.429014664082437491e+00,8.028947634014638179e-02,-7.902685171006661458e-01,3.981911985306411106e-01,-1.579822080157544054e-03,-4.932337372741740222e-01
2.770000000000025864e+01,4.443024116478979657e+00,6.614289300645116720e-02,-8.021600345252295483e-01,3.981122074266332245e-01,-1.435428532470915544e-03,-4.962366775345458669e-01
2.775000000000025935e+01,4.456861612428740571e+00,5.183355933588454367e-02,-8.141349405212967572e-01,3.980404360000096564e-01,-1.423715503145024652e-03,-4.582940313207388705e-01
2.780000000000026006e+01,4.470524303877007277e+00,3.736216223273094994e-02,-8.250440309800369798e-01,3.979692502248524111e-01,-1.308627720128840381e-03,-4.149176895687353150e-01
2.785000000000026077e+01,4.484025900632965467e+00,2.274519622227480498e-02,-8.347830114867310636e-01,3.979038188388459574e-01,1.436032417994349917e-03,-6.276726554637341859e-01
2.790000000000026148e+01,4.497382308668792739e+00,7.999858416825074772e-03,-8.508219878899109245e-01,3.979756204597456604e-01,1.361242526511029791e-03,-6.060403360505592918e-01
2.795000000000026219e+01,4.510502875971514669e+00,-6.960495852226680422e-03,-8.661449599195677473e-01,3.980436825860712013e-01,1.175609563516932321e-03,-5.533228323334353771e-01
2.800000000000026290e+01,4.523394879297319982e+00,-2.212272469115850529e-02,-8.798041924696222704e-01,3.981024630642470696e-01,9.679500191210300367e-04,-4.996544611572834582e-01
2.805000000000026361e+01,4.536080455057704519e+00,-3.746189335742250437e-02,-8.918767361571848795e-01,3.981508605652031019e-01,7.703153991967425429e-04,-4.507130289559047598e-01
2.810000000000026432e+01,4.548581447672511047e+00,-5.295497094280210426e-02,-9.025811277185887826e-01,3.981893763351629367e-01,5.505038786387366758e-04,-6.478979370500325130e-01
2.815000000000026503e+01,4.560917076477145393e+00,-6.858248547838127762e-02,-9.193248321263858269e-01,3.982169015290948910e-01,5.016170078782379842e-04,-6.210605219137621535e-01
2.820000000000026574e+01,4.572990160412331306e+00,-8.441543832845135875e-02,-9.351542029427930558e-01,3.982419823794888236e-01,3.399311111607714736e-04,-5.644952414046702227e-01
2.825000000000026645e+01,4.584811861111480091e+00,-1.004385180543845291e-01,-9.491641223062806665e-01,3.982589789350468590e-01,1.620091045652208078e-04,-5.087152017306962870e-01
2.830000000000026716e+01,4.596408421857236526e+00,-1.166263318235734175e-01,-9.615029186538006645e-01,3.982670793902751138e-01,-7.342476439460066985e-05,-6.769237205297404802e-01
2.835000000000026787e+01,4.607804598570307775e+00,-1.329563294549143682e-01,-9.792830219239496703e-01,3.982634081520554092e-01,-7.816893565430646203e-05,-6.409003597458409196e-01
2.840000000000026859e+01,4.618908537878533949e+00,-1.494862080848816666e-01,-9.957875936976732234e-01,3.982594997052726904e-01,-2.047337119437483326e-04,-5.809923531398084595e-01
2.845000000000026930e+01,4.629738052398295167e+00,-1.661969288362440123e-01,-1.010314942825435436e+00,3.982492630196755035e-01,-3.252338022629613261e-04,-5.234177441977294620e-01
2.850000000000027001e+01,4.640323398163085145e+00,-1.830627713523809985e-01,-1.023083454034222628e+00,3.982330013295623528e-01,-4.468731949180616467e-04,-4.710274654993689136e-01
2.855000000000027072e+01,4.650692111799298090e+00,-2.000617003157035001e-01,-1.034350331894422048e+00,3.982106576698164480e-01,-4.243226356748440150e-04,-6.137574393232743120e-01
2.860000000000027143e+01,4.660868075547913492e+00,-2.171754106524899919e-01,-1.049936441208530358e+00,3.981894415380327068e-01,-4.008794198439701723e-04,-5.817927142760175308e-01
2.865000000000027214e+01,4.670775550068597681e+00,-2.344447194690849889e-01,-1.064486586327819673e+00,3.981693975670405061e-01,-5.392894559674403249e-04,-5.306703610221099598e-01
2.870000000000027285e+01,4.680430227765304707e+00,-2.518554739464177739e-01,-1.077467303798311127e+00,3.981424330942421319e-01,-7.007504230809302997e-04,-4.811476986244789811e-01
2.875000000000027356e+01,4.689857455868007285e+00,-2.693888952575915208e-01,-1.089014993369700202e+00,3.981073955730881075e-01,-4.826673154709429261e-04,-5.838802960188386182e-01
2.880000000000027427e+01,4.699080777668142694e+00,-2.870284553710441555e-01,-1.103628377010823947e+00,3.980832622073145477e-01,-5.308631532770891710e-04,-5.523750249495855691e-01
2.885000000000027498e+01,4.708044806741897403e+00,-3.047998338175495481e-01,-1.117260025686117597e+00,3.980567190496506758e-01,-6.996558417860601099e-04,-5.065577612845506561e-01
2.890000000000027569e+01,4.716765175797139165e+00,-3.226905588585257667e-01,-1.129530082672339564e+00,3.980217362575613760e-01,-8.633379198945426375e-04,-4.620624868385297401e-01
2.895000000000027640e+01,4.725264626677692981e+00,-3.406853523017072671e-01,-1.140542463265491691e+00,3.979785693615666697e-01,-9.952448557896341995e-04,-4.203187658649735203e-01
2.900000000000027711e+01,4.733564500430793132e+00,-3.587706902819691734e-01,-1.150424601401480285e+00,3.979288071187772058e-01,-9.052457679316803195e-04,-5.063365895386963134e-01
2.905000000000027782e+01,4.741684234620791472e+00,-3.769348928662063503e-01,-1.162684321564586787e+00,3.978835448303806310e-01,-9.300499181574323117e-04,-4.806165898252021118e-01
2.910000000000027853e+01,4.749579777976776107e+00,-3.951951963475493490e-01,-1.174209566715151976e+00,3.978370423344727569e-01,-1.043330173097663455e-03,-4.422280857146341226e-01
2.915000000000027924e+01,4.757263449004744515e+00,-4.135431384710563929e-01,-1.184675008183450506e+00,3.977848758258178963e-01,-1.149705531312531729e-03,-4.044029755788066671e-01
2.920000000000027995e+01,4.764753701158024768e+00,-4.319680710698391435e-01,-1.194133292929646872e+00,3.977273905492522688e-01,-1.132033385812663455e-03,-4.739265028316300699e-01
2.925000000000028066e+01,4.772068295407112082e+00,-4.504603506468413676e-01,-1.205466655355799777e+00,3.976707888799616564e-01,-1.150167459774717980e-03,-4.486849313826698493e-01
2.930000000000028137e+01,4.779171833611562725e+00,-4.690316964731120475e-01,-1.216102894471760010e+00,3.976132805069729215e-01,-1.235065318835243831e-03,-4.137994333297187466e-01
2.935000000000028209e+01,4.786076445817885272e+00,-4.876748488988445485e-01,-1.225803683496262675e+00,3.975515272410311551e-01,-1.291682818915065693e-03,-3.809398192362368207e-01
2.940000000000028280e+01,4.792798838478431911e+00,-5.063811975256242714e-01,-1.234649268587451942e+00,3.974869431000854214e-01,-1.328492186030090765e-03,-3.517215321203814860e-01
2.945000000000028351e+01,4.799354436544083669e+00,-5.251432285681113532e-01,-1.242753158242195566e+00,3.974205184907839139e-01,-1.323717457193067989e-03,-4.069247666546471076e-01
2.950000000000028422e+01,4.805756705511759819e+00,-5.439546246715172284e-01,-1.252268728319324786e+00,3.973543326179242441e-01,-1.278202672664049229e-03,-3.864956594225216202e-01
2.955000000000028493e+01,4.811978649808150266e+00,-5.628229466238851009e-01,-1.261252563977832697e+00,3.972904224842910281e-01,-1.279898489669646210e-03,-3.601799285581514520e-01
2.960000000000028564e+01,4.818029861970031469e+00,-5.817433596972371168e-01,-1.269564945374976217e+00,3.972264275598075267e-01,-1.253909334437275716e-03,-3.327525288242694224e-01
2.965000000000028635e+01,4.823922643845208746e+00,-6.007103628514363081e-01,-1.277191764332838098e+00,3.971637320930856418e-01,-1.198703530076587840e-03,-3.031829801635699262e-01
2.970000000000028706e+01,4.829669690620423061e+00,-6.197187564865852538e-01,-1.284094188777436640e+00,3.971037969165818193e-01,-1.048910818130207798e-03,-3.450930091028507896e-01
2.975000000000028777e+01,4.835284550077542320e+00,-6.387634911156293560e-01,-1.292024739135872791e+00,3.970513513756753210e-01,-9.034069664156264964e-04,-3.269103857133600077e-01
2.980000000000028848e+01,4.840747477737552096e+00,-6.578496342685721254e-01,-1.299504225025076565e+00,3.970061810273545211e-01,-7.601429705281514439e-04,-2.960998090000783733e-01
2.985000000000028919e+01,4.846066894155804050e+00,-6.769739271549520820e-01,-1.306232773595819241e+00,3.969681738788281011e-01,-6.116448094020459844e-04,-2.660021888503043552e-01
2.990000000000028990e+01,4.851257015477228762e+00,-6.961317445763240963e-01,-1.312241523072399385e+00,3.969375916383580116e-01,-4.630649960969074417e-04,-2.381777641728813621e-01
2.995000000000029061e+01,4.856331538302426587e+00,-7.153189238175700071e-01,-1.317595465794924481e+00,3.969144383885531702e-01,-3.573432912645522824e-04,-2.698676726223794287e-01
3.000000000000029132e+01,4.861302971830930630e+00,-7.345318758857690700e-01,-1.323695063379279446e+00,3.968965712239899690e-01,-1.809759770206941605e-04,-2.494166062319060628e-01
3.005000000000029203e+01,4.866156903818732005e+00,-7.537739278782462637e-01,-1.329311603712445278e+00,3.968875224251389167e-01,-9.855481788195377809e-06,-2.243495790123108402e-01
3.010000000000029274e+01,4.870902577855376947e+00,-7.730424992207154400e-01,-1.334343056626433155e+00,3.968870296510494944e-01,1.646173597728178600e-04,-2.005083056175329670e-01
3.015000000000029345e+01,4.875551237550405759e+00,-7.923346802483467455e-01,-1.338824336360239675e+00,3.968952605190381178e-01,3.357477611481163326e-04,-1.784784309209970221e-01
3.020000000000029416e+01,4.880113491810775805e+00,-8.116478999597237509e-01,-1.342802064987528299e+00,3.969120479070954999e-01,4.350136674671457263e-04,-1.956230699081810132e-01
3.025000000000029488e+01,4.884599077151865920e+00,-8.309799318907523658e-01,-1.347171565241967350e+00,3.969337985904688448e-01,6.148055093605621444e-04,-1.782014067658919398e-01
3.030000000000029559e+01,4.889000389800428614e+00,-8.503324394318502177e-01,-1.351143372709647572e+00,3.969645388659368557e-01,7.861334001744665380e-04,-1.582742498310646950e-01
3.035000000000029630e+01,4.893325138402603969e+00,-8.697037755324034114e-01,-1.354663329115985748e+00,3.970038455359455876e-01,9.250821939492746403e-04,-1.393369920512363136e-01
3.040000000000029701e+01,4.897582095569016580e+00,-8.890921341300038749e-01,-1.357756557746743864e+00,3.970500996456430287e-01,1.024727200105398847e-03,-1.219029717420113956e-01
3.045000000000029772e+01,4.901779548819509280e+00,-9.084958281154662529e-01,-1.360458934159318956e+00,3.971013360056482866e-01,1.110767887183394375e-03,-1.240772409149406841e-01
3.050000000000029843e+01,4.905925085603872304e+00,-9.279132996916826803e-01,-1.363210359224228174e+00,3.971568744000074647e-01,1.189502389875193595e-03,-1.088223304412549858e-01
3.055000000000029914e+01,4.910017753364523507e+00,-9.473448211917836481e-01,-1.365620967829628496e+00,3.972163495195012439e-01,1.188851804750182609e-03,-9.407282637758790367e-02
3.060000000000029985e+01,4.914064173355891185e+00,-9.667890634261175897e-01,-1.367703072603935865e+00,3.972757921097387346e-01,1.089636333942363075e-03,-8.123982563856974037e-02
3.065000000000030056e+01,4.918070699134419854e+00,-9.862445996221990141e-01,-1.369500061893302867e+00,3.973302739264358285e-01,8.903151674719088750e-04,-7.040489238948421935e-02
3.070000000000030127e+01,4.922042801726329131e+00,-1.005709973172313365e+00,-1.371056745669009480e+00,3.973747896848094374e-01,9.832682220732200887e-04,-5.824191527695490866e-02
3.075000000000030198e+01,4.925985039714254832e+00,-1.025183687978152847e+00,-1.372343971964690379e+00,3.974239530959131073e-01,8.512452864015482420e-04,-4.592619772006946433e-02
3.080000000000030269e+01,4.929902691999256348e+00,-1.044664871125225325e+00,-1.373358694990951534e+00,3.974665153602331968e-01,5.485600673609268606e-04,-3.749086664076013015e-02
3.085000000000030340e+01,4.933800991710735495e+00,-1.064152106343208226e+00,-1.374186936638805756e+00,3.974939433636012209e-01,1.458504853119756324e-04,-3.117992891917377787e-02
3.090000000000030411e+01,4.937683417843566680e+00,-1.083643908590562699e+00,-1.374875706129959685e+00,3.975012358878668439e-01,-2.850567522061790747e-04,-2.604815362416765603e-02
3.095000000000030482e+01,4.941552488679474386e+00,-1.103138737961390392e+00,-1.375451068112435671e+00,3.974869830502565371e-01,-3.953982446014951300e-05,1.067748225123622309e-03
3.100000000000030553e+01,4.945410203964391904e+00,-1.122635091133624918e+00,-1.375427489435660622e+00,3.974850060590335299e-01,-1.813793204211567971e-04,1.127070737985519204e-02
3.105000000000030624e+01,4.949268359756943347e+00,-1.142131256371557768e+00,-1.375178593497073942e+00,3.974759370930124880e-01,-4.737910558054897773e-04,1.477544222036779493e-02
3.110000000000030695e+01,4.953131279808394183e+00,-1.161626015926269240e+00,-1.374852298488366431e+00,3.974522475402222366e-01,-7.518467517739614667e-04,1.602165949414212365e-02
3.115000000000030767e+01,4.957000330087817375e+00,-1.181118352179838960e+00,-1.374498499072098978e+00,3.974146552026335266e-01,-9.321288518784498923e-04,1.652811003482768104e-02
3.120000000000030838e+01,4.960875909902404679e+00,-1.200607474826210996e+00,-1.374133548442023400e+00,3.973680487600396161e-01,-5.778905385483180945e-04,5.806046192359679697e-02
3.125000000000030909e+01,4.964758146687140439e+00,-1.220092896376325120e+00,-1.372850363323456113e+00,3.973391542331122239e-01,-5.385231468004791694e-04,6.591063208737356349e-02
3.130000000000030980e+01,4.968665099557956211e+00,-1.239571903742768155e+00,-1.371393315314578309e+00,3.973122280757722113e-01,-6.320334813663638137e-04,6.518625679604594936e-02
3.135000000000031051e+01,4.972600163438093190e+00,-1.259043878185684306e+00,-1.369952424005341785e+00,3.972806264017039179e-01,-7.076100481085042778e-04,6.244618284216759546e-02
3.140000000000031122e+01,4.976562965001427585e+00,-1.278508614095913432e+00,-1.368572370874809652e+00,3.972452458992984936e-01,-7.449787964651257127e-04,5.958777008709111034e-02
3.145000000000031193e+01,4.980552269846318048e+00,-1.297966129618932429e+00,-1.367255758963434653e+00,3.972079969594752291e-01,-7.173461214968525086e-04,5.687105363237639211e-02
3.150000000000031264e+01,4.984566812751405784e+00,-1.317416551912153011e+00,-1.365999424360042402e+00,3.971721296534003742e-01,-2.780013742825670673e-04,1.107779164460254984e-01
3.155000000000031335e+01,4.988605424006739675e+00,-1.336860159359379185e+00,-1.363545048477276200e+00,3.971582295846862731e-01,-9.552529478613081275e-05,1.166273638291096398e-01
3.160000000000031406e+01,4.992691601959742265e+00,-1.356293115852242215e+00,-1.360960010805694509e+00,3.971534533199469474e-01,-4.988589241834188938e-05,1.096799897795467660e-01
3.165000000000031477e+01,4.996827951383878030e+00,-1.375715210928504018e+00,-1.358530271822497415e+00,3.971509590253260447e-01,-3.383933161887160354e-05,9.974109267346449592e-02
3.170000000000031548e+01,5.001011452899033038e+00,-1.395127076519155906e+00,-1.356322263294840180e+00,3.971492670587450924e-01,-1.915178423071786120e-05,8.927363908060215181e-02
3.175000000000031619e+01,5.005237787740846045e+00,-1.414529574930909916e+00,-1.354347293794261109e+00,3.971483094695335558e-01,5.356575310014235342e-04,1.571168475765564176e-01
3.180000000000031690e+01,5.009502423375200131e+00,-1.433923641863672493e+00,-1.350851890271739908e+00,3.971750923460836136e-01,6.075620405238510609e-04,1.553889082023122148e-01
3.185000000000031761e+01,5.013835115077319493e+00,-1.453303990610913532e+00,-1.347395324752570067e+00,3.972054704481098319e-01,5.867393349641640121e-04,1.409634673282474937e-01
3.190000000000031832e+01,5.018235106717583882e+00,-1.472670728538359119e+00,-1.344263919467297175e+00,3.972348074148580599e-01,5.423827432591094228e-04,1.246714481636576194e-01
3.195000000000031903e+01,5.022696051245724824e+00,-1.492025022751056307e+00,-1.341498251326437297e+00,3.972619265520210274e-01,4.786235644441299056e-04,1.090761610099032358e-01
3.200000000000031974e+01,5.027210814400722150e+00,-1.511368225933927611e+00,-1.339081335996005873e+00,3.972858577302432193e-01,4.024095935497455428e-04,1.992557760277839651e-01
3.205000000000031690e+01,5.031772589994257139e+00,-1.530701625410361144e+00,-1.334624332797407220e+00,3.973059782099206960e-01,5.361647569872900697e-05,1.997645427315501709e-01
3.210000000000031406e+01,5.036420724408441352e+00,-1.550015479175755218e+00,-1.330155414965262572e+00,3.973086590337056578e-01,-1.418707740608456352e-04,1.837984611339095187e-01
3.215000000000031122e+01,5.041155156091819300e+00,-1.569308498198016322e+00,-1.326052176646923542e+00,3.973015654950026176e-01,-2.697259549659434641e-04,1.652913972661771980e-01
3.220000000000030838e+01,5.045968625611161329e+00,-1.588581584252105161e+00,-1.322370220709814692e+00,3.972880791972543402e-01,-3.452590857336936860e-04,1.474406860807865038e-01
3.225000000000030553e+01,5.050852859196545808e+00,-1.607836163109198191e+00,-1.319092186811382961e+00,3.972708162429676726e-01,-3.758427663135097564e-04,1.311125503252984770e-01
3.230000000000030269e+01,5.055799968618280182e+00,-1.627073791912282852e+00,-1.316181757650845885e+00,3.972520241046519907e-01,-3.375966744367059303e-04,2.462152672694956079e-01
3.235000000000029985e+01,5.060802810103275817e+00,-1.646296031732712661e+00,-1.310635362433077100e+00,3.972351442709301517e-01,-2.796671031829121292e-04,2.524124723832475437e-01
3.240000000000029701e+01,5.065911971125776958e+00,-1.665489412707830796e+00,-1.304943572609553959e+00,3.972211609157710321e-01,-2.252403650562937116e-04,2.353789143149608021e-01
3.245000000000029416e+01,5.071130109795909391e+00,-1.684652728066021066e+00,-1.299651166125119994e+00,3.972098988975182321e-01,-1.899058837104542386e-04,2.141957372911957036e-01
3.250000000000029132e+01,5.076449444150226142e+00,-1.703787616136831273e+00,-1.294850823928392680e+00,3.972004036033326968e-01,-1.661377351862348192e-04,1.936942141295029396e-01
3.255000000000028848e+01,5.081860441522188410e+00,-1.722896292412210650e+00,-1.290522367166405671e+00,3.971920967165734062e-01,-1.527280063477079279e-04,3.269841578915790858e-01
3.260000000000028564e+01,5.087353984133915041e+00,-1.741980969349701924e+00,-1.283038414895540935e+00,3.971844603162560383e-01,-1.044910781183187523e-04,3.305239430103428244e-01
3.265000000000028280e+01,5.092990092017289250e+00,-1.761023632680201567e+00,-1.275467408581844486e+00,3.971792357623501468e-01,-7.807670594332236970e-05,3.072714553644724234e-01
3.270000000000027995e+01,5.098770133085671397e+00,-1.780022829730333100e+00,-1.268465544549406188e+00,3.971753319270529548e-01,-5.679718924873235881e-05,2.798695694243175103e-01
3.275000000000027711e+01,5.104683003058098301e+00,-1.798980903984264801e+00,-1.262123689019248207e+00,3.971724920675905324e-01,-3.661782402444280194e-05,2.535552293710861549e-01
3.280000000000027427e+01,5.110715939551153220e+00,-1.817900963403006553e+00,-1.256405896588393745e+00,3.971706611763893280e-01,-7.036754641872825660e-05,3.994199131547375714e-01
3.285000000000027143e+01,5.116856929500750439e+00,-1.836786131596251925e+00,-1.247092032614456114e+00,3.971671427990683956e-01,2.255369173431802490e-05,3.965206792279013515e-01
3.290000000000026859e+01,5.123173488481010729e+00,-1.855613118369148662e+00,-1.237853528526070779e+00,3.971682704836551059e-01,7.884408477253077095e-05,3.665891499005313747e-01
3.295000000000026574e+01,5.129663727052064637e+00,-1.874381000268506847e+00,-1.229381833117723755e+00,3.971722126878937109e-01,1.200482582009849796e-04,3.333189032020276166e-01
3.300000000000026290e+01,5.136312792597093058e+00,-1.893093411756778810e+00,-1.221742062558440312e+00,3.971782151008037554e-01,1.564111877246583183e-04,3.018980191114293277e-01
3.305000000000026006e+01,5.143104723886840368e+00,-1.911754762343807590e+00,-1.214870501845633388e+00,3.971860356601900066e-01,1.722062078394115316e-04,2.727475532065508634e-01
3.310000000000025722e+01,5.150024862676671589e+00,-1.930369368072592851e+00,-1.208698266232933305e+00,3.971946459705819610e-01,4.046397023917088821e-05,4.254044684822650968e-01
3.315000000000025437e+01,5.157059915157838681e+00,-1.948941309370057162e+00,-1.198700644016066574e+00,3.971966691690939077e-01,1.458551961797599288e-04,4.194548732293077453e-01
3.320000000000025153e+01,5.164280324994956928e+00,-1.967442084131715285e+00,-1.188860783564895218e+00,3.972039619289028933e-01,1.995628287485644282e-04,3.866706177942859091e-01
3.325000000000024869e+01,5.171682563295640023e+00,-1.985871254936988795e+00,-1.179875847126374389e+00,3.972139400703403322e-01,2.338150018594167920e-04,3.512042341025056191e-01
3.330000000000024585e+01,5.179250275614125876e+00,-2.004233635385344048e+00,-1.171790473765193630e+00,3.972256308204333286e-01,2.656085851042840561e-04,3.182346549112935463e-01
3.335000000000024301e+01,5.186966432749312794e+00,-2.022534767140424794e+00,-1.164520553211330078e+00,3.972389112496885200e-01,1.312784338589022270e-04,4.619227809253399486e-01
3.340000000000024016e+01,5.194815694996464117e+00,-2.040779929888466793e+00,-1.153533679226271591e+00,3.972454751713814791e-01,1.759360003546117570e-04,4.510462637265125196e-01
3.345000000000023732e+01,5.202865069776299478e+00,-2.058938054365242909e+00,-1.142844551198243463e+00,3.972542719713992310e-01,2.089375181827259986e-04,4.146707729556919908e-01
3.350000000000023448e+01,5.211108258068331445e+00,-2.077009502516426576e+00,-1.133129573433419468e+00,3.972647188473083513e-01,2.315744741501831892e-04,3.760919054702623332e-01
3.355000000000023164e+01,5.219526839702998799e+00,-2.095000489853493963e+00,-1.124414287202998075e+00,3.972762975710158462e-01,2.508476540070288772e-04,3.404494403990967477e-01
3.360000000000022879e+01,5.228102146166762942e+00,-2.112917946720523688e+00,-1.116595831460140076e+00,3.972888399537162218e-01,1.345739924332357981e-04,4.714688311562231227e-01
3.365000000000022595e+01,5.236817551096219603e+00,-2.130768374524781628e+00,-1.105343395126531680e+00,3.972955686533378716e-01,1.482406879432800911e-04,4.542187680117134030e-01
3.370000000000022311e+01,5.245733411835858284e+00,-2.148519905429194576e+00,-1.094566335524623124e+00,3.973029806877350634e-01,1.653064568956629247e-04,4.161977841189190563e-01
3.375000000000022027e+01,5.254840230313116756e+00,-2.166174649929772045e+00,-1.084809903644880613e+00,3.973112460105798216e-01,1.777691886235639371e-04,3.774551572394125865e-01
3.380000000000021743e+01,5.264119052972183965e+00,-2.183740070948859024e+00,-1.076058794819081843e+00,3.973201344700110216e-01,1.858425301530819711e-04,3.417286458369743207e-01
3.385000000000021458e+01,5.273551446299810763e+00,-2.201224011558776450e+00,-1.068207682280055026e+00,3.973294265965186534e-01,8.930381140478450309e-05,4.551059521527854868e-01
3.390000000000021174e+01,5.283121039696733412e+00,-2.218633766448388833e+00,-1.057405441301011662e+00,3.973338917870888887e-01,7.979312134343287378e-05,4.365513164101744725e-01
3.395000000000020890e+01,5.292878245129304382e+00,-2.235939329023852284e+00,-1.047106230955950679e+00,3.973378814431560713e-01,8.643368128232584613e-05,3.997786511686288735e-01
3.400000000000020606e+01,5.302813263310159009e+00,-2.253143656788122229e+00,-1.037779114301903949e+00,3.973422031272201838e-01,9.392928557191762280e-05,3.625839247226394502e-01
3.405000000000020322e+01,5.312908423590352314e+00,-2.270254758590232402e+00,-1.029405000595539965e+00,3.973468995914987700e-01,9.787288595725619441e-05,3.282338074499768221e-01
3.410000000000020037e+01,5.323146639555707438e+00,-2.287280924640878510e+00,-1.021887359493341751e+00,3.973517932357966131e-01,2.940568979394174063e-05,4.255168956726403939e-01
3.415000000000019753e+01,5.333512689281112884e+00,-2.304229851806327112e+00,-1.011882790338952898e+00,3.973532635202863261e-01,1.795648667557726819e-05,4.067441689876016842e-01
3.420000000000019469e+01,5.344047823101895744e+00,-2.321074286954284638e+00,-1.002373557437301166e+00,3.973541613446200937e-01,2.449333576307394429e-05,3.722767195334603096e-01
3.425000000000019185e+01,5.354742680011846723e+00,-2.337817818825440153e+00,-9.937535172902126623e-01,3.973553860114082403e-01,5.145327378030884261e-03,3.611216012194182756e-01
3.430000000000018900e+01,5.365581501118349195e+00,-2.354468590999784450e+00,-9.854160321488961705e-01,3.976126523803097945e-01,5.034691859974791892e-03,3.283427891706383606e-01
3.435000000000018616e+01,5.376565876655583054e+00,-2.371039138588481698e+00,-9.778906764545524100e-01,3.978643869733085592e-01,4.833296632228609689e-03,2.963068621618516474e-01
3.440000000000018332e+01,5.387681672379872388e+00,-2.387536994857403005e+00,-9.711425799585492458e-01,3.981060518049199803e-01,4.449372465132444762e-03,3.810832840191868964e-01
3.445000000000018048e+01,5.398915362555271713e+00,-2.403969440696425153e+00,-9.622809744253928432e-01,3.983285204281766245e-01,4.453725415406527277e-03,3.623769974151584972e-01
3.450000000000017764e+01,5.410300586309545245e+00,-2.420310820856355516e+00,-9.538913115173115465e-01,3.985512066989469471e-01,4.348131785086252823e-03,3.301303386830253817e-01
3.455000000000017479e+01,5.421828947796179854e+00,-2.436565190802201908e+00,-9.463039924584273344e-01,3.987686132882012346e-01,4.214295841724393157e-03,2.979784629661128559e-01
3.460000000000017195e+01,5.433486659087072290e+00,-2.452740443035712481e+00,-9.395000549424109559e-01,3.989793280802874653e-01,4.073026375107481958e-03,2.683385593017744153e-01
3.465000000000016911e+01,5.445260373202775561e+00,-2.468844508252613146e+00,-9.334051966886759422e-01,3.991829793990428477e-01,3.777744971459703460e-03,3.372135951124057285e-01
3.470000000000016627e+01,5.457138079679078047e+00,-2.484884698914433532e+00,-9.256298908813196391e-01,3.993718666476158141e-01,3.743336867453055886e-03,3.187652973955225066e-01
3.475000000000016342e+01,5.469145822444481553e+00,-2.500839598893872306e+00,-9.183076369314414622e-01,3.995590334909884800e-01,3.648295777182854280e-03,2.897101804786850754e-01
3.480000000000016058e+01,5.481275750161496596e+00,-2.516713584111536228e+00,-9.116905578500632545e-01,3.997414482798476443e-01,3.528311204737770261e-03,2.610693901036238995e-01
3.485000000000015774e+01,5.493516036603168118e+00,-2.532514168009228683e+00,-9.057573524066396820e-01,3.999178638400845420e-01,3.393477701717359345e-03,2.347577588929292414e-01
3.490000000000015490e+01,5.505855298371030493e+00,-2.548248791092423637e+00,-9.004436083950022596e-01,4.000875377251704168e-01,1.915780990160678883e-03,2.864776334822710657e-01
3.495000000000015206e+01,5.518283265900487677e+00,-2.563924272510684332e+00,-8.938959365721435013e-01,4.001833267746784384e-01,3.123176996886917276e-03,2.708406115200982511e-01
3.500000000000014921e+01,5.530816604216009402e+00,-2.579521777703496443e+00,-8.877228120674766076e-01,4.003394856245227618e-01,2.877092090785620272e-03,2.461302631428184673e-01
3.505000000000014637e+01,5.543450916672000517e+00,-2.595047672464818600e+00,-8.821353199517649735e-01,4.004833402290620681e-01,2.926762731654317714e-03,2.216949609914346531e-01
3.510000000000014353e+01,5.556176353277877844e+00,-2.610508284603164419e+00,-8.771203826484809118e-01,4.006296783656447813e-01,2.788503489008717969e-03,1.992766837879726416e-01
3.515000000000014069e+01,5.568983841735438922e+00,-2.625910511305100226e+00,-8.726253820358154112e-01,4.007691035400952062e-01,2.291785935726715906e-03,2.383311556876933357e-01
3.520000000000013785e+01,5.581864914838991609e+00,-2.641260353049618814e+00,-8.672161427109326137e-01,4.008836928368815222e-01,2.475550969296638586e-03,2.229140558530088578e-01
3.525000000000013500e+01,5.594832536744178242e+00,-2.656544662653930633e+00,-8.621676540033421654e-01,4.010074703853463429e-01,2.351058183357081742e-03,2.019954123204018015e-01
3.530000000000013216e+01,5.607881183411264736e+00,-2.671768009802953703e+00,-8.576053410976983704e-01,4.011250232945142158e-01,2.205460125530161585e-03,1.816925074300821952e-01
3.535000000000012932e+01,5.621002993160699290e+00,-2.686936111849096420e+00,-8.535112224310509310e-01,4.012352963007907447e-01,2.059808593078653240e-03,1.631683077993925646e-01
3.540000000000012648e+01,5.634190417123252637e+00,-2.702054519725782367e+00,-8.498414362350723561e-01,4.013382867304446933e-01,1.899334795227182199e-03,1.887315661355924989e-01
3.545000000000012363e+01,5.647436632696992476e+00,-2.717128299078132692e+00,-8.455826838724087580e-01,4.014332534702060307e-01,1.770466065739070925e-03,1.751334839755433470e-01
3.550000000000012079e+01,5.660750072996966864e+00,-2.732149083007681778e+00,-8.416364549968649023e-01,4.015217767734929888e-01,1.643352107541309025e-03,1.582831402402335719e-01
3.555000000000011795e+01,5.674125633834392168e+00,-2.747120512977550888e+00,-8.380758853685694731e-01,4.016039443788700369e-01,1.522303789189140928e-03,1.422937030133876180e-01
3.560000000000011511e+01,5.687557164665159704e+00,-2.762047277526300970e+00,-8.348795216036081213e-01,4.016800595683294728e-01,1.405358698568029158e-03,1.277444435273968337e-01
3.565000000000011227e+01,5.701038892851535422e+00,-2.776933854726777007e+00,-8.320132246070165438e-01,4.017503275032578980e-01,1.283305692659851343e-03,1.408910971017728053e-01
3.570000000000010942e+01,5.714565600832324677e+00,-2.791784325605671579e+00,-8.288476373038100586e-01,4.018144927878908867e-01,1.176311839361546610e-03,1.295996074820846000e-01
3.575000000000010658e+01,5.728141419328049544e+00,-2.806594267155424482e+00,-8.259382748426090659e-01,4.018733083798589623e-01,1.072538876131023033e-03,1.168843195337137264e-01
3.580000000000010374e+01,5.741762261254311994e+00,-2.821366811120165519e+00,-8.233167317080417602e-01,4.019269353236655240e-01,9.728488676191188091e-04,1.050163882814622446e-01
3.585000000000010090e+01,5.755423605952476152e+00,-2.836105563251354322e+00,-8.209631334383495904e-01,4.019755777670464547e-01,8.755144213646421595e-04,9.424646570607125851e-02
3.590000000000009805e+01,5.769121259414023761e+00,-2.850813901106130199e+00,-8.188521697340321870e-01,4.020193534881146835e-01,7.770567085897633983e-04,9.747349396840013225e-02
3.595000000000009521e+01,5.782851426172541665e+00,-2.865494889568450887e+00,-8.166682359361587817e-01,4.020582063235441650e-01,6.852681852518600208e-04,8.878130672393153011e-02
3.600000000000009237e+01,5.796614952505336760e+00,-2.880147273199339164e+00,-8.146799395843414837e-01,4.020924697328067676e-01,5.958906874354145435e-04,7.987605507527356652e-02
3.605000000000008953e+01,5.810408760302473219e+00,-2.894773508258137618e+00,-8.128918262317953447e-01,4.021222642671785641e-01,0.000000000000000000e+00,0.000000000000000000e+00
